{"name":"tmp_cleaner","path":"/usr/libexec/tmp_cleaner","plist":"/System/Library/LaunchDaemons/com.apple.tmp_cleaner.plist","hashes":{"md5":"33747B79A29E3462D1799C911854461C","sha1":"2693A0D8B7BE73A5F30DBFE8F611843BCA8F8270"},"signature(s)":{"signatureStatus":-67062},"VT detection":"0/0"}
{"name":"velociraptor","path":"/usr/local/sbin/velociraptor","plist":"/Library/LaunchDaemons/com.velocidex.velociraptor.plist","hashes":{"md5":"6379E1FEEFB76A2FA988CD39016EF3A0","sha1":"661904158F9D005E22E547CC1E863878F0F29B14"},"signature(s)":{"signatureIdentifier":"com.velocidex.velociraptor","signatureStatus":0,"signatureSigner":3,"signingFlags":65536,"signatureAuthorities":["Developer ID Application: Rapid7 LLC (UL6CGN7MAL)","Developer ID Certification Authority","Apple Root CA"]},"VT detection":"0/0"}
