{"Name":"_mbsetupuser","RealName":"Setup User","UserShell":"/bin/bash","HomeDir":"/var/setup","AppleId":null,"CreationTime":null,"FailedLoginCount":0,"FailedLoginTimestamp":"0001-01-01T00:00:00Z","PasswordLastSetTime":"2025-02-06T06:26:27.441836833Z"}
{"Name":"_uucp","RealName":"Unix to Unix Copy Protocol","UserShell":"/usr/sbin/uucico","HomeDir":"/var/spool/uucp","AppleId":null,"CreationTime":null,"FailedLoginCount":null,"FailedLoginTimestamp":null,"PasswordLastSetTime":null}
{"Name":"macncheese","RealName":"macncheese","UserShell":"/bin/zsh","HomeDir":"/Users/macncheese","AppleId":null,"CreationTime":"2025-02-06T06:30:24.911262989Z","FailedLoginCount":0,"FailedLoginTimestamp":"0001-01-01T00:00:00Z","PasswordLastSetTime":"2025-02-06T06:30:48.828220844Z"}
{"Name":"root","RealName":"System Administrator","UserShell":"/bin/sh","HomeDir":"/var/root","AppleId":null,"CreationTime":null,"FailedLoginCount":null,"FailedLoginTimestamp":null,"PasswordLastSetTime":null}
