{"Line":"clear","OSPath":"/Users/macncheese/.zsh_history","_Source":"Linux.Sys.BashHistory"}
{"Line":"ls","OSPath":"/Users/macncheese/.zsh_history","_Source":"Linux.Sys.BashHistory"}
{"Line":"cd Downloads","OSPath":"/Users/macncheese/.zsh_history","_Source":"Linux.Sys.BashHistory"}
{"Line":"ls","OSPath":"/Users/macncheese/.zsh_history","_Source":"Linux.Sys.BashHistory"}
{"Line":"cp velociraptor-v0.73.1-darwin-amd64 velociraptor","OSPath":"/Users/macncheese/.zsh_history","_Source":"Linux.Sys.BashHistory"}
{"Line":"ls","OSPath":"/Users/macncheese/.zsh_history","_Source":"Linux.Sys.BashHistory"}
{"Line":"chmod +x velociraptor","OSPath":"/Users/macncheese/.zsh_history","_Source":"Linux.Sys.BashHistory"}
{"Line":"xattr -d com.apple.quarantine velociraptor","OSPath":"/Users/macncheese/.zsh_history","_Source":"Linux.Sys.BashHistory"}
{"Line":"cat client.config.yaml| grep \"server\"","OSPath":"/Users/macncheese/.zsh_history","_Source":"Linux.Sys.BashHistory"}
{"Line":"cat client.config.yaml| grep -A 3 \"server\"","OSPath":"/Users/macncheese/.zsh_history","_Source":"Linux.Sys.BashHistory"}
{"Line":"clear","OSPath":"/Users/macncheese/.zsh_history","_Source":"Linux.Sys.BashHistory"}
{"Line":"sudo ./velociraptor service install --config client.config.yaml -v","OSPath":"/Users/macncheese/.zsh_history","_Source":"Linux.Sys.BashHistory"}
{"Line":"sudo ./velociraptor service install --config client.config.yaml -v","OSPath":"/Users/macncheese/.zsh_history","_Source":"Linux.Sys.BashHistory"}
{"Line":"sudo launchctl print system/com/velocidex.velociraptor","OSPath":"/Users/macncheese/.zsh_history","_Source":"Linux.Sys.BashHistory"}
{"Line":"ps -eaf | grep \"velo\"","OSPath":"/Users/macncheese/.zsh_history","_Source":"Linux.Sys.BashHistory"}
{"Line":"./velociraptor --config client.config.yaml client -v","OSPath":"/Users/macncheese/.zsh_history","_Source":"Linux.Sys.BashHistory"}
{"Line":"sudo ./velociraptor --config client.config.yaml client -v","OSPath":"/Users/macncheese/.zsh_history","_Source":"Linux.Sys.BashHistory"}
{"Line":"sudo ./velociraptor --config client.config.yaml client -v","OSPath":"/Users/macncheese/.zsh_history","_Source":"Linux.Sys.BashHistory"}
{"Line":"sudo ./velociraptor --config client.config.yaml client -v","OSPath":"/Users/macncheese/.zsh_history","_Source":"Linux.Sys.BashHistory"}
{"Line":"clear","OSPath":"/Users/macncheese/.zsh_history","_Source":"Linux.Sys.BashHistory"}
{"Line":"sudo ./velociraptor --config client.config.yaml client -v","OSPath":"/Users/macncheese/.zsh_history","_Source":"Linux.Sys.BashHistory"}
{"Line":"clear","OSPath":"/Users/macncheese/.zsh_history","_Source":"Linux.Sys.BashHistory"}
{"Line":"sudo ./velociraptor --config client.config.yaml client -v","OSPath":"/Users/macncheese/.zsh_history","_Source":"Linux.Sys.BashHistory"}
{"Line":"clear","OSPath":"/Users/macncheese/.zsh_history","_Source":"Linux.Sys.BashHistory"}
{"Line":"shutdown","OSPath":"/Users/macncheese/.zsh_history","_Source":"Linux.Sys.BashHistory"}
{"Line":"sudo shutdown","OSPath":"/Users/macncheese/.zsh_history","_Source":"Linux.Sys.BashHistory"}
{"Line":"sudo shutdown -h","OSPath":"/Users/macncheese/.zsh_history","_Source":"Linux.Sys.BashHistory"}
{"Line":"shutdown -h","OSPath":"/Users/macncheese/.zsh_history","_Source":"Linux.Sys.BashHistory"}
{"Line":"cd Downloads","OSPath":"/Users/macncheese/.zsh_history","_Source":"Linux.Sys.BashHistory"}
{"Line":"ls","OSPath":"/Users/macncheese/.zsh_history","_Source":"Linux.Sys.BashHistory"}
{"Line":"./Poseidon","OSPath":"/Users/macncheese/.zsh_history","_Source":"Linux.Sys.BashHistory"}
{"Line":"sudo ./Poseidon","OSPath":"/Users/macncheese/.zsh_history","_Source":"Linux.Sys.BashHistory"}
{"Line":"chmod +x Poseidon","OSPath":"/Users/macncheese/.zsh_history","_Source":"Linux.Sys.BashHistory"}
{"Line":"ls -l","OSPath":"/Users/macncheese/.zsh_history","_Source":"Linux.Sys.BashHistory"}
{"Line":"cd Poseidon","OSPath":"/Users/macncheese/.zsh_history","_Source":"Linux.Sys.BashHistory"}
{"Line":"ls","OSPath":"/Users/macncheese/.zsh_history","_Source":"Linux.Sys.BashHistory"}
{"Line":"ls -l","OSPath":"/Users/macncheese/.zsh_history","_Source":"Linux.Sys.BashHistory"}
{"Line":"clear","OSPath":"/Users/macncheese/.zsh_history","_Source":"Linux.Sys.BashHistory"}
{"Line":"cd Downloads","OSPath":"/Users/macncheese/.zsh_history","_Source":"Linux.Sys.BashHistory"}
{"Line":"ls","OSPath":"/Users/macncheese/.zsh_history","_Source":"Linux.Sys.BashHistory"}
{"Line":"shasum -a 256 ff77ee20e70eaee419d20bfc76319f679c76e94d50ddb183b734803f1aba5cc7","OSPath":"/Users/macncheese/.zsh_history","_Source":"Linux.Sys.BashHistory"}
{"Line":"chmod +x ff77ee20e70eaee419d20bfc76319f679c76e94d50ddb183b734803f1aba5cc7","OSPath":"/Users/macncheese/.zsh_history","_Source":"Linux.Sys.BashHistory"}
{"Line":"xattr -d com.apple.quarantine ff77ee20e70eaee419d20bfc76319f679c76e94d50ddb183b734803f1aba5cc7","OSPath":"/Users/macncheese/.zsh_history","_Source":"Linux.Sys.BashHistory"}
{"Line":"spctl --master-disable","OSPath":"/Users/macncheese/.zsh_history","_Source":"Linux.Sys.BashHistory"}
{"Line":"sudo spctl --master-disable","OSPath":"/Users/macncheese/.zsh_history","_Source":"Linux.Sys.BashHistory"}
{"Line":"sudo nvram \"recovery-boot-mode=unused\"","OSPath":"/Users/macncheese/.zsh_history","_Source":"Linux.Sys.BashHistory"}
{"Line":"sudo reboot recovery","OSPath":"/Users/macncheese/.zsh_history","_Source":"Linux.Sys.BashHistory"}
{"Line":"clear","OSPath":"/Users/macncheese/.zsh_history","_Source":"Linux.Sys.BashHistory"}
{"Line":"clear","OSPath":"/Users/macncheese/.zsh_history","_Source":"Linux.Sys.BashHistory"}
{"Line":"git clone https:/github.com/zixuantemp/VelociraptorClient/blob/main/Collector_velociraptor-collector","OSPath":"/Users/macncheese/.zsh_history","_Source":"Linux.Sys.BashHistory"}
{"Line":"git clone https:/github.com/zixuantemp/VelociraptorClient/blob/main/Collector_velociraptor-collector","OSPath":"/Users/macncheese/.zsh_history","_Source":"Linux.Sys.BashHistory"}
{"Line":"clear","OSPath":"/Users/macncheese/.zsh_history","_Source":"Linux.Sys.BashHistory"}
{"Line":"git clone https:/github.com/zixuantemp/VelociraptorClient.git","OSPath":"/Users/macncheese/.zsh_history","_Source":"Linux.Sys.BashHistory"}
{"Line":"git clone https:/github.com/zixuantemp/VelociraptorClient.git","OSPath":"/Users/macncheese/.zsh_history","_Source":"Linux.Sys.BashHistory"}
{"Line":"git clone https://github.com/zixuantemp/VelociraptorClient.git","OSPath":"/Users/macncheese/.zsh_history","_Source":"Linux.Sys.BashHistory"}
{"Line":"ls","OSPath":"/Users/macncheese/.zsh_history","_Source":"Linux.Sys.BashHistory"}
{"Line":"cd VelociraptorClient","OSPath":"/Users/macncheese/.zsh_history","_Source":"Linux.Sys.BashHistory"}
{"Line":"ls","OSPath":"/Users/macncheese/.zsh_history","_Source":"Linux.Sys.BashHistory"}
{"Line":"cd Down","OSPath":"/Users/macncheese/.zsh_history","_Source":"Linux.Sys.BashHistory"}
{"Line":"cd Downloads","OSPath":"/Users/macncheese/.zsh_history","_Source":"Linux.Sys.BashHistory"}
{"Line":"cd /Downloads","OSPath":"/Users/macncheese/.zsh_history","_Source":"Linux.Sys.BashHistory"}
{"Line":"clear","OSPath":"/Users/macncheese/.zsh_history","_Source":"Linux.Sys.BashHistory"}
{"Line":"cd ~/Downloads","OSPath":"/Users/macncheese/.zsh_history","_Source":"Linux.Sys.BashHistory"}
{"Line":"ls","OSPath":"/Users/macncheese/.zsh_history","_Source":"Linux.Sys.BashHistory"}
{"Line":"./velociraptor -- --embedded-config ~/VelociraptorClient/Collector_velociraptor-collector","OSPath":"/Users/macncheese/.zsh_history","_Source":"Linux.Sys.BashHistory"}
{"Line":"chmod +x velociraptor-v0.73.1-darwin-amd64","OSPath":"/Users/macncheese/.zsh_history","_Source":"Linux.Sys.BashHistory"}
{"Line":"./velociraptor-v0.73.1-darwin-amd64 -- --embedded-config ~/VelociraptorClient/Collector_velociraptor-collector","OSPath":"/Users/macncheese/.zsh_history","_Source":"Linux.Sys.BashHistory"}
{"Line":"./velociraptor-v0.73.1-darwin-amd64 -- --embedded_config ~/VelociraptorClient/Collector_velociraptor-collector","OSPath":"/Users/macncheese/.zsh_history","_Source":"Linux.Sys.BashHistory"}
{"Line":"sudo ./velociraptor -- --embedded_config ~/VelociraptorClient/Collector_velociraptor-collector","OSPath":"/Users/macncheese/.zsh_history","_Source":"Linux.Sys.BashHistory"}
{"Line":"/Users/macncheese/Downloads/VelociraptorClient/clone_and_run ; exit;","OSPath":"/Users/macncheese/.zsh_history","_Source":"Linux.Sys.BashHistory"}
{"Line":"ls","OSPath":"/Users/macncheese/.zsh_history","_Source":"Linux.Sys.BashHistory"}
{"Line":"mv ~/Downloads/Collection-macncheeses-Mac_local-2025-02-10T01_43_25Z.zip VelociraptorClient","OSPath":"/Users/macncheese/.zsh_history","_Source":"Linux.Sys.BashHistory"}
{"Line":"cd VelociraptorClient","OSPath":"/Users/macncheese/.zsh_history","_Source":"Linux.Sys.BashHistory"}
{"Line":"ls","OSPath":"/Users/macncheese/.zsh_history","_Source":"Linux.Sys.BashHistory"}
{"Line":"mv Collection-macncheeses-Mac_local-2025-02-10T01_43_25Z.zip ~/Downloads/","OSPath":"/Users/macncheese/.zsh_history","_Source":"Linux.Sys.BashHistory"}
{"Line":"ls","OSPath":"/Users/macncheese/.zsh_history","_Source":"Linux.Sys.BashHistory"}
{"Line":"git add ~/Downloads/Collection-macncheeses-Mac_local-2025-02-10T01_43_25Z.zip","OSPath":"/Users/macncheese/.zsh_history","_Source":"Linux.Sys.BashHistory"}
{"Line":"mv ~/Downloads/Collection-macncheeses-Mac_local-2025-02-10T01_43_25Z.zip VelociraptorClient","OSPath":"/Users/macncheese/.zsh_history","_Source":"Linux.Sys.BashHistory"}
{"Line":"git add Collector_velociraptor-collector","OSPath":"/Users/macncheese/.zsh_history","_Source":"Linux.Sys.BashHistory"}
{"Line":"ls","OSPath":"/Users/macncheese/.zsh_history","_Source":"Linux.Sys.BashHistory"}
{"Line":"cd VelociraptorClient","OSPath":"/Users/macncheese/.zsh_history","_Source":"Linux.Sys.BashHistory"}
{"Line":"file VelociraptorClient","OSPath":"/Users/macncheese/.zsh_history","_Source":"Linux.Sys.BashHistory"}
{"Line":"mv VelociraptorClient Collection.zip","OSPath":"/Users/macncheese/.zsh_history","_Source":"Linux.Sys.BashHistory"}
{"Line":"git add Collection.zip","OSPath":"/Users/macncheese/.zsh_history","_Source":"Linux.Sys.BashHistory"}
{"Line":"sudo git add Collection.zip","OSPath":"/Users/macncheese/.zsh_history","_Source":"Linux.Sys.BashHistory"}
{"Line":"ls","OSPath":"/Users/macncheese/.zsh_history","_Source":"Linux.Sys.BashHistory"}
{"Line":"sudo git status","OSPath":"/Users/macncheese/.zsh_history","_Source":"Linux.Sys.BashHistory"}
{"Line":"sudo git commit","OSPath":"/Users/macncheese/.zsh_history","_Source":"Linux.Sys.BashHistory"}
{"Line":"sudo git status","OSPath":"/Users/macncheese/.zsh_history","_Source":"Linux.Sys.BashHistory"}
{"Line":"git commit -m 'hi'","OSPath":"/Users/macncheese/.zsh_history","_Source":"Linux.Sys.BashHistory"}
{"Line":"sudo git commit -m 'hi'","OSPath":"/Users/macncheese/.zsh_history","_Source":"Linux.Sys.BashHistory"}
{"Line":"git push origin main","OSPath":"/Users/macncheese/.zsh_history","_Source":"Linux.Sys.BashHistory"}
{"Line":"git push origin main","OSPath":"/Users/macncheese/.zsh_history","_Source":"Linux.Sys.BashHistory"}
{"Line":"git push origin main","OSPath":"/Users/macncheese/.zsh_history","_Source":"Linux.Sys.BashHistory"}
{"Line":"git push origin main","OSPath":"/Users/macncheese/.zsh_history","_Source":"Linux.Sys.BashHistory"}
{"Line":"ls","OSPath":"/Users/macncheese/.zsh_history","_Source":"Linux.Sys.BashHistory"}
{"Line":"cd ~","OSPath":"/Users/macncheese/.zsh_history","_Source":"Linux.Sys.BashHistory"}
{"Line":"sudo --help","OSPath":"/Users/macncheese/.zsh_history","_Source":"Linux.Sys.BashHistory"}
{"Line":"sudo -h","OSPath":"/Users/macncheese/.zsh_history","_Source":"Linux.Sys.BashHistory"}
{"Line":"cd VelociraptorClient","OSPath":"/Users/macncheese/.zsh_history","_Source":"Linux.Sys.BashHistory"}
{"Line":"ls","OSPath":"/Users/macncheese/.zsh_history","_Source":"Linux.Sys.BashHistory"}
{"Line":"mv Collection.zip ~/Downloads","OSPath":"/Users/macncheese/.zsh_history","_Source":"Linux.Sys.BashHistory"}
{"Line":"ls","OSPath":"/Users/macncheese/.zsh_history","_Source":"Linux.Sys.BashHistory"}
{"Line":"cd ~/Downloads","OSPath":"/Users/macncheese/.zsh_history","_Source":"Linux.Sys.BashHistory"}
{"Line":"ls","OSPath":"/Users/macncheese/.zsh_history","_Source":"Linux.Sys.BashHistory"}
{"Line":"clear","OSPath":"/Users/macncheese/.zsh_history","_Source":"Linux.Sys.BashHistory"}
{"Line":"git clone https://github.com/zixuantemp/VelociraptorClient.git","OSPath":"/Users/macncheese/.zsh_history","_Source":"Linux.Sys.BashHistory"}
{"Line":"cd VelociraptorClient","OSPath":"/Users/macncheese/.zsh_history","_Source":"Linux.Sys.BashHistory"}
{"Line":"chmod +x clone_and_run","OSPath":"/Users/macncheese/.zsh_history","_Source":"Linux.Sys.BashHistory"}
{"Line":"./clone_and_run","OSPath":"/Users/macncheese/.zsh_history","_Source":"Linux.Sys.BashHistory"}
{"Line":"cd","OSPath":"/Users/macncheese/.zsh_history","_Source":"Linux.Sys.BashHistory"}
{"Line":"cd Downloads/VelociraptorClient","OSPath":"/Users/macncheese/.zsh_history","_Source":"Linux.Sys.BashHistory"}
{"Line":"ls","OSPath":"/Users/macncheese/.zsh_history","_Source":"Linux.Sys.BashHistory"}
{"Line":"cd VelociraptorClient","OSPath":"/Users/macncheese/.zsh_history","_Source":"Linux.Sys.BashHistory"}
{"Line":"ls","OSPath":"/Users/macncheese/.zsh_history","_Source":"Linux.Sys.BashHistory"}
{"Line":"mv Collection-macncheeses-Mac_local-2025-02-10T05_22_46Z.zip ~/Downloads/VelociraptorClient","OSPath":"/Users/macncheese/.zsh_history","_Source":"Linux.Sys.BashHistory"}
{"Line":"cd ~","OSPath":"/Users/macncheese/.zsh_history","_Source":"Linux.Sys.BashHistory"}
{"Line":"cd ~/Downloads/VelociraptorClient","OSPath":"/Users/macncheese/.zsh_history","_Source":"Linux.Sys.BashHistory"}
{"Line":"chmod +x upload.sh","OSPath":"/Users/macncheese/.zsh_history","_Source":"Linux.Sys.BashHistory"}
{"Line":"./upload.sh","OSPath":"/Users/macncheese/.zsh_history","_Source":"Linux.Sys.BashHistory"}
{"Line":"./upload.sh Collection-macncheeses-Mac_local-2025-02-10T05_22_46Z.zip","OSPath":"/Users/macncheese/.zsh_history","_Source":"Linux.Sys.BashHistory"}
{"Line":"sudo ./upload.sh Collection-macncheeses-Mac_local-2025-02-10T05_22_46Z.zip","OSPath":"/Users/macncheese/.zsh_history","_Source":"Linux.Sys.BashHistory"}
{"Line":"sudo ./upload.sh Collection-macncheeses-Mac_local-2025-02-10T05_22_46Z.zip","OSPath":"/Users/macncheese/.zsh_history","_Source":"Linux.Sys.BashHistory"}
{"Line":"git push origin main","OSPath":"/Users/macncheese/.zsh_history","_Source":"Linux.Sys.BashHistory"}
{"Line":"nano upload.sh","OSPath":"/Users/macncheese/.zsh_history","_Source":"Linux.Sys.BashHistory"}
{"Line":"git push origin main","OSPath":"/Users/macncheese/.zsh_history","_Source":"Linux.Sys.BashHistory"}
{"Line":"clear","OSPath":"/Users/macncheese/.zsh_history","_Source":"Linux.Sys.BashHistory"}
{"Line":"cd Downloads","OSPath":"/Users/macncheese/.zsh_history","_Source":"Linux.Sys.BashHistory"}
{"Line":"cd VelociraptorClient","OSPath":"/Users/macncheese/.zsh_history","_Source":"Linux.Sys.BashHistory"}
{"Line":"ls","OSPath":"/Users/macncheese/.zsh_history","_Source":"Linux.Sys.BashHistory"}
{"Line":"cat upload.sh","OSPath":"/Users/macncheese/.zsh_history","_Source":"Linux.Sys.BashHistory"}
{"Line":"echo \"Z2hwX2dVUU1maFFyZHkybFNsZkc1d1hKSDc5Q2R4R2tZWTNqYk8ycQ==\" | base64 --decode","OSPath":"/Users/macncheese/.zsh_history","_Source":"Linux.Sys.BashHistory"}
