{"OSPath":"/var/db/com.apple.xpc.launchd/disabled.501.plist","Mtime":"2025-02-10T00:59:07.368984378Z","Disabled":{"com.apple.FolderActionsDispatcher":true,"com.apple.ManagedClientAgent.enrollagent":true,"com.apple.ScriptMenuApp":true,"com.apple.Siri.agent":true,"com.apple.appleseed.seedusaged.postinstall":true},"Upload":{"Path":"/var/db/com.apple.xpc.launchd/disabled.501.plist","Size":456,"StoredSize":456,"sha256":"0f220b27b7c4156c8f04083a1a97a2d4f6be51d0ef2ad32b5b31afaf83a038c0","md5":"2f2a785bdd9e72c5e65b9f03e1083a1c","StoredName":"/uploads/auto/var/db/com.apple.xpc.launchd/disabled.501.plist","Components":["uploads","auto","var","db","com.apple.xpc.launchd","disabled.501.plist"]}}
