{
 "Hostname": "macncheeses-Mac.local",
 "Uptime": 16716,
 "BootTime": 1739151161,
 "OS": "darwin",
 "Platform": "darwin",
 "PlatformFamily": "Standalone Workstation",
 "PlatformVersion": "",
 "KernelVersion": "23.3.0",
 "VirtualizationSystem": "",
 "VirtualizationRole": "",
 "CompilerVersion": "go1.23.2",
 "HostID": "564DD6A9-E2D4-D723-9466-4C296D599D85",
 "Exe": "/Users/macncheese/Downloads/VelociraptorClient/velociraptor-v0.73.1-darwin-amd64",
 "CWD": "/Users/macncheese/Downloads/VelociraptorClient",
 "IsAdmin": true,
 "ClientStart": "2025-02-10T06:11:16.850954Z",
 "LocalTZ": "+08",
 "LocalTZOffset": 28800,
 "Fqdn": "macncheeses-Mac.local",
 "Architecture": "amd64",
 "Name": "velociraptor",
 "BuildTime": "2024-10-14T02:48:05Z",
 "build_url": ""
}