{
 "session_id": "F.CUKPH2NOJNQOG",
 "request": {
  "artifacts": [
   "MacOS.Applications.KnowledgeC",
   "MacOS.Applications.NetworkUsage",
   "MacOS.Detection.Autoruns",
   "MacOS.Detection.Yara.Glob",
   "MacOS.Detection.Yara.Process",
   "MacOS.Forensics.KnockKnock",
   "MacOS.Network.Netstat",
   "MacOS.OSQuery.Generic",
   "MacOS.Sys.BashHistory",
   "MacOS.Sys.Pslist",
   "MacOS.System.Dock",
   "MacOS.System.Packages",
   "MacOS.System.QuarantineEvents",
   "MacOS.System.Users"
  ]
 },
 "create_time": 1739167882176884000,
 "total_uploaded_files": 808,
 "total_expected_uploaded_bytes": 1063745,
 "total_uploaded_bytes": 1063745,
 "total_collected_rows": 1171,
 "total_logs": 6392,
 "total_requests": 14,
 "execution_duration": 73140356000,
 "state": 2,
 "artifacts_with_results": [
  "MacOS.System.Dock",
  "MacOS.System.Users",
  "MacOS.Sys.BashHistory/History",
  "MacOS.Sys.BashHistory/Sessions",
  "MacOS.OSQuery.Generic",
  "MacOS.System.Packages",
  "MacOS.Sys.Pslist",
  "MacOS.Forensics.KnockKnock/Launch Items",
  "MacOS.Forensics.KnockKnock/Periodic Scripts",
  "MacOS.Detection.Autoruns/Sandboxed Loginitems",
  "MacOS.Detection.Autoruns/LaunchAgentsDaemons",
  "MacOS.Detection.Autoruns/ScriptingAdditions",
  "MacOS.Detection.Autoruns/MiscItems"
 ],
 "query_stats": [
  {
   "duration": 12862000,
   "log_rows": 8
  },
  {
   "duration": 14514000,
   "log_rows": 10
  },
  {
   "duration": 35155000,
   "names_with_response": [
    "MacOS.System.Dock"
   ],
   "log_rows": 16,
   "result_rows": 6
  },
  {
   "duration": 69944000,
   "names_with_response": [
    "MacOS.System.Users"
   ],
   "log_rows": 20,
   "result_rows": 4
  },
  {
   "duration": 1449690000,
   "names_with_response": [
    "MacOS.Sys.BashHistory/History",
    "MacOS.Sys.BashHistory/Sessions"
   ],
   "log_rows": 34,
   "result_rows": 540
  },
  {
   "duration": 5091575000,
   "log_rows": 39
  },
  {
   "duration": 5250320000,
   "log_rows": 44
  },
  {
   "duration": 5495367000,
   "log_rows": 45
  },
  {
   "duration": 6858159000,
   "log_rows": 710
  },
  {
   "duration": 8696027000,
   "names_with_response": [
    "MacOS.OSQuery.Generic"
   ],
   "log_rows": 711,
   "result_rows": 1
  },
  {
   "duration": 13299592000,
   "names_with_response": [
    "MacOS.System.Packages"
   ],
   "log_rows": 716,
   "result_rows": 287
  },
  {
   "duration": 19518592000,
   "names_with_response": [
    "MacOS.Sys.Pslist"
   ],
   "log_rows": 917,
   "result_rows": 333
  },
  {
   "duration": 66819282000,
   "names_with_response": [
    "MacOS.Forensics.KnockKnock/Launch Items",
    "MacOS.Forensics.KnockKnock/Periodic Scripts"
   ],
   "log_rows": 1555
  },
  {
   "duration": 73140356000,
   "names_with_response": [
    "MacOS.Detection.Autoruns/Sandboxed Loginitems",
    "MacOS.Detection.Autoruns/LaunchAgentsDaemons",
    "MacOS.Detection.Autoruns/ScriptingAdditions",
    "MacOS.Detection.Autoruns/MiscItems"
   ],
   "log_rows": 1567
  }
 ]
}