{
 "session_id": "F.CUKQIL9346728",
 "request": {
  "artifacts": [
   "MacOS.Applications.KnowledgeC",
   "MacOS.Applications.NetworkUsage",
   "MacOS.Detection.Autoruns",
   "MacOS.Detection.Yara.Glob",
   "MacOS.Detection.Yara.Process",
   "MacOS.Forensics.KnockKnock",
   "MacOS.Network.Netstat",
   "MacOS.OSQuery.Generic",
   "MacOS.Sys.BashHistory",
   "MacOS.Sys.Pslist",
   "MacOS.System.Dock",
   "MacOS.System.Packages",
   "MacOS.System.QuarantineEvents",
   "MacOS.System.Users"
  ]
 },
 "create_time": 1739172181298732000,
 "total_uploaded_files": 828,
 "total_expected_uploaded_bytes": 1063286,
 "total_uploaded_bytes": 1063286,
 "total_collected_rows": 1038,
 "total_logs": 4303,
 "total_requests": 14,
 "execution_duration": 883006939000,
 "state": 2,
 "artifacts_with_results": [
  "MacOS.Applications.KnowledgeC/Application Activities",
  "MacOS.System.Users",
  "MacOS.System.Dock",
  "MacOS.Applications.NetworkUsage",
  "MacOS.Sys.BashHistory/History",
  "MacOS.Sys.BashHistory/Sessions",
  "MacOS.System.QuarantineEvents",
  "MacOS.OSQuery.Generic",
  "MacOS.System.Packages",
  "MacOS.Sys.Pslist",
  "MacOS.Forensics.KnockKnock/Launch Items",
  "MacOS.Forensics.KnockKnock/Periodic Scripts",
  "MacOS.Detection.Autoruns/Sandboxed Loginitems",
  "MacOS.Detection.Autoruns/LaunchAgentsDaemons",
  "MacOS.Detection.Autoruns/ScriptingAdditions",
  "MacOS.Detection.Autoruns/MiscItems",
  "MacOS.Detection.Yara.Process"
 ],
 "query_stats": [
  {
   "duration": 175301000,
   "names_with_response": [
    "MacOS.Applications.KnowledgeC/Application Activities"
   ],
   "log_rows": 4,
   "result_rows": 26
  },
  {
   "duration": 344603000,
   "names_with_response": [
    "MacOS.System.Users"
   ],
   "log_rows": 8,
   "result_rows": 4
  },
  {
   "duration": 445119000,
   "log_rows": 13
  },
  {
   "duration": 637985000,
   "names_with_response": [
    "MacOS.System.Dock"
   ],
   "log_rows": 18,
   "result_rows": 16
  },
  {
   "duration": 678343000,
   "names_with_response": [
    "MacOS.Applications.NetworkUsage"
   ],
   "log_rows": 21,
   "result_rows": 50
  },
  {
   "duration": 1233849000,
   "names_with_response": [
    "MacOS.Sys.BashHistory/History",
    "MacOS.Sys.BashHistory/Sessions"
   ],
   "log_rows": 72,
   "result_rows": 124
  },
  {
   "duration": 5091957000,
   "log_rows": 77
  },
  {
   "duration": 10123435000,
   "names_with_response": [
    "MacOS.System.QuarantineEvents"
   ],
   "log_rows": 82,
   "result_rows": 4
  },
  {
   "duration": 12207545000,
   "names_with_response": [
    "MacOS.OSQuery.Generic"
   ],
   "log_rows": 85,
   "result_rows": 1
  },
  {
   "duration": 16977312000,
   "names_with_response": [
    "MacOS.System.Packages"
   ],
   "log_rows": 90,
   "result_rows": 287
  },
  {
   "duration": 42422299000,
   "names_with_response": [
    "MacOS.Sys.Pslist"
   ],
   "log_rows": 468,
   "result_rows": 505
  },
  {
   "duration": 106158204000,
   "names_with_response": [
    "MacOS.Forensics.KnockKnock/Launch Items",
    "MacOS.Forensics.KnockKnock/Periodic Scripts"
   ],
   "log_rows": 941
  },
  {
   "duration": 112330767000,
   "names_with_response": [
    "MacOS.Detection.Autoruns/Sandboxed Loginitems",
    "MacOS.Detection.Autoruns/LaunchAgentsDaemons",
    "MacOS.Detection.Autoruns/ScriptingAdditions",
    "MacOS.Detection.Autoruns/MiscItems"
   ],
   "log_rows": 956
  },
  {
   "duration": 883006939000,
   "names_with_response": [
    "MacOS.Detection.Yara.Process"
   ],
   "log_rows": 1468,
   "result_rows": 21
  }
 ]
}