{"Name":"_mbsetupuser","RealName":"Setup User","UserShell":"/bin/bash","HomeDir":"/var/setup","AppleId":null,"CreationTime":null,"FailedLoginCount":0,"FailedLoginTimestamp":"0001-01-01T00:00:00Z","PasswordLastSetTime":"2025-02-07T08:57:18.725880146Z"}
{"Name":"_uucp","RealName":"Unix to Unix Copy Protocol","UserShell":"/usr/sbin/uucico","HomeDir":"/var/spool/uucp","AppleId":null,"CreationTime":null,"FailedLoginCount":null,"FailedLoginTimestamp":null,"PasswordLastSetTime":null}
{"Name":"michaeltan","RealName":"michaeltan","UserShell":"/bin/zsh","HomeDir":"/Users/michaeltan","AppleId":null,"CreationTime":"2025-02-07T09:00:52.246539115Z","FailedLoginCount":0,"FailedLoginTimestamp":"0001-01-01T00:00:00Z","PasswordLastSetTime":"2025-02-07T09:00:57.288611888Z"}
{"Name":"root","RealName":"System Administrator","UserShell":"/bin/sh","HomeDir":"/var/root","AppleId":null,"CreationTime":null,"FailedLoginCount":null,"FailedLoginTimestamp":null,"PasswordLastSetTime":null}
