{"OSPath":"/var/db/com.apple.xpc.launchd/disabled.501.plist","Mtime":"2025-02-07T09:05:00.669384811Z","Disabled":{"com.apple.FolderActionsDispatcher":true,"com.apple.ScriptMenuApp":true,"com.apple.Siri.agent":true,"com.apple.appleseed.seedusaged.postinstall":true},"Upload":{"Path":"/var/db/com.apple.xpc.launchd/disabled.501.plist","Size":394,"StoredSize":394,"sha256":"deb8a01ea1ff2db3194ee2c1177b0fd6bea284eab742d456d2da004bb7694915","md5":"2974622364f3785ab86ea21c7b245bd6","StoredName":"/uploads/auto/var/db/com.apple.xpc.launchd/disabled.501.plist","Components":["uploads","auto","var","db","com.apple.xpc.launchd","disabled.501.plist"]}}
