{"ProcessName":"/tmp/tmp1399299468/KnockKnock.app/Contents/MacOS/KnockKnock","CommandLine":"/tmp/tmp1399299468/KnockKnock.app/Contents/MacOS/KnockKnock -whosthere -skipVT","Pid":1017,"Rule":"keyword_search","Tag":null,"Meta":null,"YaraString":"$a","HitOffset":105553133446131,"HitContext":{"Path":"String.Data","Size":12,"StoredSize":12,"sha256":"c45142564e203d7265f56c7c6812367c2090c1801481abf8775a5be1e92ba3d9","md5":"6eea0372f8f3035cbe7ef4e28b0ec97b","StoredName":"/uploads/scope/%2Ftmp%2Ftmp1399299468%2FKnockKnock.app%2FContents%2FMacOS%2FKnockKnock-1017_105553133446131_0","Components":["uploads","scope","/tmp/tmp1399299468/KnockKnock.app/Contents/MacOS/KnockKnock-1017_105553133446131_0"]}}
{"ProcessName":"sudo","CommandLine":"sudo ./velociraptor-v0.73.1-darwin-amd64 -- --embedded_config Collector_velociraptor-collector","Pid":1003,"Rule":"keyword_search","Tag":null,"Meta":null,"YaraString":"$a","HitOffset":4344901544,"HitContext":{"Path":"String.Data","Size":12,"StoredSize":12,"sha256":"c45142564e203d7265f56c7c6812367c2090c1801481abf8775a5be1e92ba3d9","md5":"6eea0372f8f3035cbe7ef4e28b0ec97b","StoredName":"/uploads/scope/sudo-1003_4344901544_0","Components":["uploads","scope","sudo-1003_4344901544_0"]}}
{"ProcessName":"/bin/bash","CommandLine":"/bin/bash ./clone_and_run","Pid":999,"Rule":"keyword_search","Tag":null,"Meta":null,"YaraString":"$a","HitOffset":105553150435008,"HitContext":{"Path":"String.Data","Size":12,"StoredSize":12,"sha256":"c45142564e203d7265f56c7c6812367c2090c1801481abf8775a5be1e92ba3d9","md5":"6eea0372f8f3035cbe7ef4e28b0ec97b","StoredName":"/uploads/scope/%2Fbin%2Fbash-999_105553150435008_0","Components":["uploads","scope","/bin/bash-999_105553150435008_0"]}}
{"ProcessName":"-zsh","CommandLine":"-zsh","Pid":951,"Rule":"keyword_search","Tag":null,"Meta":null,"YaraString":"$a","HitOffset":140527806823509,"HitContext":{"Path":"String.Data","Size":12,"StoredSize":12,"sha256":"c45142564e203d7265f56c7c6812367c2090c1801481abf8775a5be1e92ba3d9","md5":"6eea0372f8f3035cbe7ef4e28b0ec97b","StoredName":"/uploads/scope/-zsh-951_140527806823509_0","Components":["uploads","scope","-zsh-951_140527806823509_0"]}}
{"ProcessName":"/System/Applications/Utilities/Terminal.app/Contents/MacOS/Terminal","CommandLine":"/System/Applications/Utilities/Terminal.app/Contents/MacOS/Terminal","Pid":732,"Rule":"keyword_search","Tag":null,"Meta":null,"YaraString":"$a","HitOffset":105553165580657,"HitContext":{"Path":"String.Data","Size":12,"StoredSize":12,"sha256":"c45142564e203d7265f56c7c6812367c2090c1801481abf8775a5be1e92ba3d9","md5":"6eea0372f8f3035cbe7ef4e28b0ec97b","StoredName":"/uploads/scope/%2FSystem%2FApplications%2FUtilities%2FTerminal.app%2FContents%2FMacOS%2FTerminal-732_105553165580657_0","Components":["uploads","scope","/System/Applications/Utilities/Terminal.app/Contents/MacOS/Terminal-732_105553165580657_0"]}}
{"ProcessName":"/System/Library/PrivateFrameworks/CoreSuggestions.framework/Versions/A/Support/suggestd","CommandLine":"/System/Library/PrivateFrameworks/CoreSuggestions.framework/Versions/A/Support/suggestd","Pid":423,"Rule":"keyword_search","Tag":null,"Meta":null,"YaraString":"$a","HitOffset":4617550672,"HitContext":{"Path":"String.Data","Size":12,"StoredSize":12,"sha256":"c45142564e203d7265f56c7c6812367c2090c1801481abf8775a5be1e92ba3d9","md5":"6eea0372f8f3035cbe7ef4e28b0ec97b","StoredName":"/uploads/scope/%2FSystem%2FLibrary%2FPrivateFrameworks%2FCoreSuggestions.framework%2FVersions%2FA%2FSupport%2Fsuggestd-423_4617550672_0","Components":["uploads","scope","/System/Library/PrivateFrameworks/CoreSuggestions.framework/Versions/A/Support/suggestd-423_4617550672_0"]}}
{"ProcessName":"/usr/sbin/spindump","CommandLine":"/usr/sbin/spindump","Pid":420,"Rule":"keyword_search","Tag":null,"Meta":null,"YaraString":"$a","HitOffset":4545603408,"HitContext":{"Path":"String.Data","Size":12,"StoredSize":12,"sha256":"c45142564e203d7265f56c7c6812367c2090c1801481abf8775a5be1e92ba3d9","md5":"6eea0372f8f3035cbe7ef4e28b0ec97b","StoredName":"/uploads/scope/%2Fusr%2Fsbin%2Fspindump-420_4545603408_0","Components":["uploads","scope","/usr/sbin/spindump-420_4545603408_0"]}}
{"ProcessName":"/usr/sbin/mDNSResponder","CommandLine":"/usr/sbin/mDNSResponder","Pid":209,"Rule":"keyword_search","Tag":null,"Meta":null,"YaraString":"$a","HitOffset":140328308067488,"HitContext":{"Path":"String.Data","Size":12,"StoredSize":12,"sha256":"c45142564e203d7265f56c7c6812367c2090c1801481abf8775a5be1e92ba3d9","md5":"6eea0372f8f3035cbe7ef4e28b0ec97b","StoredName":"/uploads/scope/%2Fusr%2Fsbin%2FmDNSResponder-209_140328308067488_0","Components":["uploads","scope","/usr/sbin/mDNSResponder-209_140328308067488_0"]}}
{"ProcessName":"/usr/libexec/symptomsd","CommandLine":"/usr/libexec/symptomsd","Pid":200,"Rule":"keyword_search","Tag":null,"Meta":null,"YaraString":"$a","HitOffset":4476072363,"HitContext":{"Path":"String.Data","Size":12,"StoredSize":12,"sha256":"c45142564e203d7265f56c7c6812367c2090c1801481abf8775a5be1e92ba3d9","md5":"6eea0372f8f3035cbe7ef4e28b0ec97b","StoredName":"/uploads/scope/%2Fusr%2Flibexec%2Fsymptomsd-200_4476072363_0","Components":["uploads","scope","/usr/libexec/symptomsd-200_4476072363_0"]}}
{"ProcessName":"/usr/sbin/cfprefsd","CommandLine":"/usr/sbin/cfprefsd daemon","Pid":147,"Rule":"keyword_search","Tag":null,"Meta":null,"YaraString":"$a","HitOffset":140239943426053,"HitContext":{"Path":"String.Data","Size":12,"StoredSize":12,"sha256":"c45142564e203d7265f56c7c6812367c2090c1801481abf8775a5be1e92ba3d9","md5":"6eea0372f8f3035cbe7ef4e28b0ec97b","StoredName":"/uploads/scope/%2Fusr%2Fsbin%2Fcfprefsd-147_140239943426053_0","Components":["uploads","scope","/usr/sbin/cfprefsd-147_140239943426053_0"]}}
{"ProcessName":"/usr/libexec/opendirectoryd","CommandLine":"/usr/libexec/opendirectoryd","Pid":119,"Rule":"keyword_search","Tag":null,"Meta":null,"YaraString":"$a","HitOffset":140338415087860,"HitContext":{"Path":"String.Data","Size":12,"StoredSize":12,"sha256":"c45142564e203d7265f56c7c6812367c2090c1801481abf8775a5be1e92ba3d9","md5":"6eea0372f8f3035cbe7ef4e28b0ec97b","StoredName":"/uploads/scope/%2Fusr%2Flibexec%2Fopendirectoryd-119_140338415087860_0","Components":["uploads","scope","/usr/libexec/opendirectoryd-119_140338415087860_0"]}}
{"ProcessName":"/System/Library/Frameworks/CoreServices.framework/Frameworks/Metadata.framework/Support/mds","CommandLine":"/System/Library/Frameworks/CoreServices.framework/Frameworks/Metadata.framework/Support/mds","Pid":108,"Rule":"keyword_search","Tag":null,"Meta":null,"YaraString":"$a","HitOffset":4357443661,"HitContext":{"Path":"String.Data","Size":12,"StoredSize":12,"sha256":"c45142564e203d7265f56c7c6812367c2090c1801481abf8775a5be1e92ba3d9","md5":"6eea0372f8f3035cbe7ef4e28b0ec97b","StoredName":"/uploads/scope/%2FSystem%2FLibrary%2FFrameworks%2FCoreServices.framework%2FFrameworks%2FMetadata.framework%2FSupport%2Fmds-108_4357443661_0","Components":["uploads","scope","/System/Library/Frameworks/CoreServices.framework/Frameworks/Metadata.framework/Support/mds-108_4357443661_0"]}}
{"ProcessName":"/usr/libexec/amfid","CommandLine":"/usr/libexec/amfid","Pid":97,"Rule":"keyword_search","Tag":null,"Meta":null,"YaraString":"$a","HitOffset":4357238750,"HitContext":{"Path":"String.Data","Size":12,"StoredSize":12,"sha256":"c45142564e203d7265f56c7c6812367c2090c1801481abf8775a5be1e92ba3d9","md5":"6eea0372f8f3035cbe7ef4e28b0ec97b","StoredName":"/uploads/scope/%2Fusr%2Flibexec%2Famfid-97_4357238750_0","Components":["uploads","scope","/usr/libexec/amfid-97_4357238750_0"]}}
{"ProcessName":"/usr/libexec/logd","CommandLine":"/usr/libexec/logd","Pid":79,"Rule":"keyword_search","Tag":null,"Meta":null,"YaraString":"$a","HitOffset":4434410018,"HitContext":{"Path":"String.Data","Size":12,"StoredSize":12,"sha256":"c45142564e203d7265f56c7c6812367c2090c1801481abf8775a5be1e92ba3d9","md5":"6eea0372f8f3035cbe7ef4e28b0ec97b","StoredName":"/uploads/scope/%2Fusr%2Flibexec%2Flogd-79_4434410018_0","Components":["uploads","scope","/usr/libexec/logd-79_4434410018_0"]}}
