{"Timestamp":"2025-02-07T09:01:34Z","FirstTimestamp":"2025-02-07 08:59:28","LiveUsageTimestamp":"2025-02-07 08:59:28","BundleID":"com.apple.amsaccountsd","ProcessName":"com.apple.amsaccountsd","WifiIn":0,"WifiOut":0,"WiredIn":145325,"WiredOut":33024,"_XIn":0,"_XOut":0,"LiveUsageTableID":1}
{"Timestamp":"2025-02-10T06:15:32Z","FirstTimestamp":"2025-02-07 08:59:29","LiveUsageTimestamp":"2025-02-07 08:59:29","BundleID":"com.apple.apsd","ProcessName":"com.apple.apsd","WifiIn":0,"WifiOut":0,"WiredIn":4895,"WiredOut":5400,"_XIn":0,"_XOut":0,"LiveUsageTableID":2}
{"Timestamp":"2025-02-07T09:05:10Z","FirstTimestamp":"2025-02-07 08:59:30","LiveUsageTimestamp":"2025-02-07 08:59:30","BundleID":"com.apple.transparencyd","ProcessName":"com.apple.transparencyd","WifiIn":0,"WifiOut":0,"WiredIn":17549,"WiredOut":3365,"_XIn":0,"_XOut":0,"LiveUsageTableID":3}
{"Timestamp":"2025-02-10T06:26:34Z","FirstTimestamp":"2025-02-07 08:59:30","LiveUsageTimestamp":"2025-02-07 08:59:30","BundleID":"com.apple.mobileassetd","ProcessName":"com.apple.mobileassetd","WifiIn":0,"WifiOut":0,"WiredIn":206013561,"WiredOut":1404579,"_XIn":0,"_XOut":0,"LiveUsageTableID":4}
{"Timestamp":"2025-02-10T06:18:16Z","FirstTimestamp":"2025-02-07 08:59:34","LiveUsageTimestamp":"2025-02-07 08:59:34","BundleID":"com.apple.AssetCacheLocatorService","ProcessName":"com.apple.AssetCacheLocatorService","WifiIn":0,"WifiOut":0,"WiredIn":20958,"WiredOut":7100,"_XIn":0,"_XOut":0,"LiveUsageTableID":5}
{"Timestamp":"2025-02-10T06:18:10Z","FirstTimestamp":"2025-02-07 08:59:34","LiveUsageTimestamp":"2025-02-07 08:59:34","BundleID":"com.apple.ap.promotedcontentd","ProcessName":"com.apple.ap.promotedcontentd","WifiIn":0,"WifiOut":0,"WiredIn":123434,"WiredOut":18536,"_XIn":0,"_XOut":0,"LiveUsageTableID":6}
{"Timestamp":"2025-02-07T08:59:46Z","FirstTimestamp":"2025-02-07 08:59:36","LiveUsageTimestamp":"2025-02-07 08:59:36","BundleID":"com.apple.trustd","ProcessName":"com.apple.trustd","WifiIn":0,"WifiOut":0,"WiredIn":1112,"WiredOut":483,"_XIn":0,"_XOut":0,"LiveUsageTableID":7}
{"Timestamp":"2025-02-10T06:23:10Z","FirstTimestamp":"2025-02-07 08:59:36","LiveUsageTimestamp":"2025-02-07 08:59:36","BundleID":"com.apple.softwareupdated","ProcessName":"com.apple.softwareupdated","WifiIn":0,"WifiOut":0,"WiredIn":247716337,"WiredOut":1734397,"_XIn":0,"_XOut":0,"LiveUsageTableID":8}
{"Timestamp":"2025-02-07T09:01:10Z","FirstTimestamp":"2025-02-07 08:59:36","LiveUsageTimestamp":"2025-02-07 08:59:36","BundleID":"com.apple.familycircled","ProcessName":"com.apple.familycircled","WifiIn":0,"WifiOut":0,"WiredIn":33715,"WiredOut":7479,"_XIn":0,"_XOut":0,"LiveUsageTableID":9}
{"Timestamp":"2025-02-10T06:26:05Z","FirstTimestamp":"2025-02-07 08:59:36","LiveUsageTimestamp":"2025-02-07 08:59:36","BundleID":null,"ProcessName":"com.apple.geod","WifiIn":0,"WifiOut":0,"WiredIn":245577,"WiredOut":26992,"_XIn":0,"_XOut":0,"LiveUsageTableID":10}
{"Timestamp":"2025-02-10T06:21:26Z","FirstTimestamp":"2025-02-07 08:59:46","LiveUsageTimestamp":"2025-02-07 08:59:46","BundleID":"com.apple.mDNSResponder.reloaded","ProcessName":"com.apple.mDNSResponder.reloaded","WifiIn":0,"WifiOut":0,"WiredIn":12989,"WiredOut":8447,"_XIn":0,"_XOut":0,"LiveUsageTableID":11}
{"Timestamp":"2025-02-07T09:00:04Z","FirstTimestamp":"2025-02-07 08:59:47","LiveUsageTimestamp":"2025-02-07 08:59:47","BundleID":"com.apple.akd","ProcessName":"com.apple.akd","WifiIn":0,"WifiOut":0,"WiredIn":126683,"WiredOut":8943,"_XIn":0,"_XOut":0,"LiveUsageTableID":12}
{"Timestamp":"2025-02-07T08:59:49Z","FirstTimestamp":"2025-02-07 08:59:48","LiveUsageTimestamp":"2025-02-07 08:59:48","BundleID":"com.apple.icloud.searchpartyuseragent","ProcessName":"com.apple.icloud.searchpartyuseragent","WifiIn":0,"WifiOut":0,"WiredIn":28590,"WiredOut":8442,"_XIn":0,"_XOut":0,"LiveUsageTableID":13}
{"Timestamp":"2025-02-07T08:59:48Z","FirstTimestamp":"2025-02-07 08:59:48","LiveUsageTimestamp":"2025-02-07 08:59:48","BundleID":"com.apple.CrashReporterSupportHelper","ProcessName":"com.apple.CrashReporterSupportHelper","WifiIn":0,"WifiOut":0,"WiredIn":276,"WiredOut":138,"_XIn":0,"_XOut":0,"LiveUsageTableID":14}
{"Timestamp":"2025-02-07T09:01:10Z","FirstTimestamp":"2025-02-07 08:59:49","LiveUsageTimestamp":"2025-02-07 08:59:49","BundleID":"com.apple.iCloudNotificationAgent","ProcessName":"com.apple.iCloudNotificationAgent","WifiIn":0,"WifiOut":0,"WiredIn":49998,"WiredOut":7601,"_XIn":0,"_XOut":0,"LiveUsageTableID":15}
{"Timestamp":"2025-02-10T06:15:32Z","FirstTimestamp":"2025-02-07 08:59:49","LiveUsageTimestamp":"2025-02-07 08:59:49","BundleID":"com.apple.netbiosd","ProcessName":"com.apple.netbiosd","WifiIn":0,"WifiOut":0,"WiredIn":546,"WiredOut":426,"_XIn":0,"_XOut":0,"LiveUsageTableID":16}
{"Timestamp":"2025-02-10T06:15:32Z","FirstTimestamp":"2025-02-07 08:59:50","LiveUsageTimestamp":"2025-02-07 08:59:50","BundleID":"com.apple.passd","ProcessName":"com.apple.passd","WifiIn":0,"WifiOut":0,"WiredIn":658056,"WiredOut":16596,"_XIn":0,"_XOut":0,"LiveUsageTableID":17}
{"Timestamp":"2025-02-10T06:22:23Z","FirstTimestamp":"2025-02-07 09:01:10","LiveUsageTimestamp":"2025-02-07 09:01:10","BundleID":"com.apple.weather","ProcessName":"com.apple.weather.widget","WifiIn":0,"WifiOut":0,"WiredIn":33438,"WiredOut":7217,"_XIn":0,"_XOut":0,"LiveUsageTableID":18}
{"Timestamp":"2025-02-10T06:24:47Z","FirstTimestamp":"2025-02-07 09:01:10","LiveUsageTimestamp":"2025-02-07 09:01:10","BundleID":"com.apple.configd","ProcessName":"com.apple.configd","WifiIn":0,"WifiOut":0,"WiredIn":624,"WiredOut":550,"_XIn":0,"_XOut":0,"LiveUsageTableID":19}
{"Timestamp":"2025-02-07T09:01:57Z","FirstTimestamp":"2025-02-07 09:01:57","LiveUsageTimestamp":"2025-02-07 09:01:57","BundleID":"com.apple.itunescloudd","ProcessName":"com.apple.itunescloudd","WifiIn":0,"WifiOut":0,"WiredIn":598,"WiredOut":0,"_XIn":0,"_XOut":0,"LiveUsageTableID":20}
{"Timestamp":"2025-02-10T06:18:42Z","FirstTimestamp":"2025-02-07 09:01:58","LiveUsageTimestamp":"2025-02-07 09:01:58","BundleID":"com.apple.networkserviceproxy","ProcessName":"com.apple.networkserviceproxy","WifiIn":0,"WifiOut":0,"WiredIn":41437,"WiredOut":34169,"_XIn":0,"_XOut":0,"LiveUsageTableID":21}
{"Timestamp":"2025-02-07T09:04:59Z","FirstTimestamp":"2025-02-07 09:04:59","LiveUsageTimestamp":"2025-02-07 09:04:59","BundleID":"com.apple.SetupAssistant","ProcessName":"com.apple.SetupAssistant","WifiIn":0,"WifiOut":0,"WiredIn":189,"WiredOut":59,"_XIn":0,"_XOut":0,"LiveUsageTableID":22}
{"Timestamp":"2025-02-10T06:19:15Z","FirstTimestamp":"2025-02-07 09:05:10","LiveUsageTimestamp":"2025-02-07 09:05:10","BundleID":"com.apple.security.syspolicy","ProcessName":"com.apple.security.syspolicy","WifiIn":0,"WifiOut":0,"WiredIn":12964,"WiredOut":3451,"_XIn":0,"_XOut":0,"LiveUsageTableID":23}
{"Timestamp":"2025-02-10T06:22:54Z","FirstTimestamp":"2025-02-10 06:15:30","LiveUsageTimestamp":"2025-02-10 06:15:30","BundleID":"com.apple.Safari","ProcessName":"com.apple.Safari","WifiIn":0,"WifiOut":0,"WiredIn":2820770,"WiredOut":181561,"_XIn":0,"_XOut":0,"LiveUsageTableID":24}
{"Timestamp":"2025-02-10T06:15:32Z","FirstTimestamp":"2025-02-10 06:15:30","LiveUsageTimestamp":"2025-02-10 06:15:30","BundleID":"com.apple.Safari.PasswordBreachAgent","ProcessName":"com.apple.Safari.PasswordBreachAgent","WifiIn":0,"WifiOut":0,"WiredIn":10489,"WiredOut":2611,"_XIn":0,"_XOut":0,"LiveUsageTableID":25}
{"Timestamp":"2025-02-10T06:21:18Z","FirstTimestamp":"2025-02-10 06:15:30","LiveUsageTimestamp":"2025-02-10 06:15:30","BundleID":"com.apple.SubmitDiagInfo","ProcessName":"com.apple.SubmitDiagInfo","WifiIn":0,"WifiOut":0,"WiredIn":344239,"WiredOut":29235,"_XIn":0,"_XOut":0,"LiveUsageTableID":26}
{"Timestamp":"2025-02-10T06:22:18Z","FirstTimestamp":"2025-02-10 06:15:31","LiveUsageTimestamp":"2025-02-10 06:15:31","BundleID":"com.apple.amsengagementd","ProcessName":"com.apple.amsengagementd","WifiIn":0,"WifiOut":0,"WiredIn":168891,"WiredOut":16728,"_XIn":0,"_XOut":0,"LiveUsageTableID":27}
{"Timestamp":"2025-02-10T06:16:38Z","FirstTimestamp":"2025-02-10 06:15:32","LiveUsageTimestamp":"2025-02-10 06:15:32","BundleID":"com.apple.Safari.SafeBrowsing.Service","ProcessName":"com.apple.Safari.SafeBrowsing.Service","WifiIn":0,"WifiOut":0,"WiredIn":10478402,"WiredOut":67099,"_XIn":0,"_XOut":0,"LiveUsageTableID":28}
{"Timestamp":"2025-02-10T06:15:33Z","FirstTimestamp":"2025-02-10 06:15:32","LiveUsageTimestamp":"2025-02-10 06:15:32","BundleID":"com.apple.appstoreagent","ProcessName":"com.apple.appstoreagent","WifiIn":0,"WifiOut":0,"WiredIn":34848,"WiredOut":8337,"_XIn":0,"_XOut":0,"LiveUsageTableID":29}
{"Timestamp":"2025-02-10T06:22:35Z","FirstTimestamp":"2025-02-10 06:15:40","LiveUsageTimestamp":"2025-02-10 06:15:40","BundleID":"com.apple.cloudd","ProcessName":"com.apple.cloudd","WifiIn":0,"WifiOut":0,"WiredIn":1482619,"WiredOut":65144,"_XIn":0,"_XOut":0,"LiveUsageTableID":30}
{"Timestamp":"2025-02-10T06:16:18Z","FirstTimestamp":"2025-02-10 06:16:09","LiveUsageTimestamp":"2025-02-10 06:16:09","BundleID":"com.apple.iCal","ProcessName":"com.apple.iCal","WifiIn":0,"WifiOut":0,"WiredIn":32103,"WiredOut":5563,"_XIn":0,"_XOut":0,"LiveUsageTableID":31}
{"Timestamp":"2025-02-10T06:17:12Z","FirstTimestamp":"2025-02-10 06:16:10","LiveUsageTimestamp":"2025-02-10 06:16:10","BundleID":"com.apple.reminders","ProcessName":"com.apple.reminders","WifiIn":0,"WifiOut":0,"WiredIn":24091,"WiredOut":3165,"_XIn":0,"_XOut":0,"LiveUsageTableID":32}
{"Timestamp":"2025-02-10T06:18:06Z","FirstTimestamp":"2025-02-10 06:16:11","LiveUsageTimestamp":"2025-02-10 06:16:11","BundleID":"com.apple.dataaccess.dataaccessd","ProcessName":"com.apple.dataaccess.dataaccessd","WifiIn":0,"WifiOut":0,"WiredIn":7545,"WiredOut":2347,"_XIn":0,"_XOut":0,"LiveUsageTableID":33}
{"Timestamp":"2025-02-10T06:24:10Z","FirstTimestamp":"2025-02-10 06:16:15","LiveUsageTimestamp":"2025-02-10 06:16:15","BundleID":"com.apple.triald","ProcessName":"com.apple.triald","WifiIn":0,"WifiOut":0,"WiredIn":502841,"WiredOut":82044,"_XIn":0,"_XOut":0,"LiveUsageTableID":34}
{"Timestamp":"2025-02-10T06:18:29Z","FirstTimestamp":"2025-02-10 06:16:25","LiveUsageTimestamp":"2025-02-10 06:16:25","BundleID":"com.apple.helpd","ProcessName":"com.apple.helpd","WifiIn":0,"WifiOut":0,"WiredIn":4129129,"WiredOut":87336,"_XIn":0,"_XOut":0,"LiveUsageTableID":35}
{"Timestamp":"2025-02-10T06:18:00Z","FirstTimestamp":"2025-02-10 06:16:58","LiveUsageTimestamp":"2025-02-10 06:16:58","BundleID":"com.apple.ap.adprivacyd","ProcessName":"com.apple.ap.adprivacyd","WifiIn":0,"WifiOut":0,"WiredIn":36446,"WiredOut":12624,"_XIn":0,"_XOut":0,"LiveUsageTableID":36}
{"Timestamp":"2025-02-10T06:18:18Z","FirstTimestamp":"2025-02-10 06:18:11","LiveUsageTimestamp":"2025-02-10 06:18:11","BundleID":"com.apple.nsurlsessiond_privileged","ProcessName":"com.apple.nsurlsessiond_privileged","WifiIn":0,"WifiOut":0,"WiredIn":32179,"WiredOut":7363,"_XIn":0,"_XOut":0,"LiveUsageTableID":37}
{"Timestamp":"2025-02-10T06:20:16Z","FirstTimestamp":"2025-02-10 06:18:12","LiveUsageTimestamp":"2025-02-10 06:18:12","BundleID":"com.apple.rtcreportingd","ProcessName":"com.apple.rtcreportingd","WifiIn":0,"WifiOut":0,"WiredIn":152594,"WiredOut":37232,"_XIn":0,"_XOut":0,"LiveUsageTableID":38}
{"Timestamp":"2025-02-10T06:26:35Z","FirstTimestamp":"2025-02-10 06:18:16","LiveUsageTimestamp":"2025-02-10 06:18:16","BundleID":null,"ProcessName":"com.apple.parsecd","WifiIn":0,"WifiOut":0,"WiredIn":3561945,"WiredOut":57397,"_XIn":0,"_XOut":0,"LiveUsageTableID":39}
{"Timestamp":"2025-02-10T06:20:14Z","FirstTimestamp":"2025-02-10 06:18:17","LiveUsageTimestamp":"2025-02-10 06:18:17","BundleID":"com.apple.tipsd","ProcessName":"com.apple.tipsd","WifiIn":0,"WifiOut":0,"WiredIn":8382,"WiredOut":2323,"_XIn":0,"_XOut":0,"LiveUsageTableID":40}
{"Timestamp":"2025-02-10T06:18:37Z","FirstTimestamp":"2025-02-10 06:18:24","LiveUsageTimestamp":"2025-02-10 06:18:24","BundleID":"com.apple.securityuploadd","ProcessName":"com.apple.securityuploadd","WifiIn":0,"WifiOut":0,"WiredIn":62145,"WiredOut":15774,"_XIn":0,"_XOut":0,"LiveUsageTableID":41}
{"Timestamp":"2025-02-10T06:20:32Z","FirstTimestamp":"2025-02-10 06:18:31","LiveUsageTimestamp":"2025-02-10 06:18:31","BundleID":"com.apple.parsec-fbf","ProcessName":"com.apple.parsec-fbf","WifiIn":0,"WifiOut":0,"WiredIn":15222,"WiredOut":12507,"_XIn":0,"_XOut":0,"LiveUsageTableID":42}
{"Timestamp":"2025-02-10T06:21:30Z","FirstTimestamp":"2025-02-10 06:18:40","LiveUsageTimestamp":"2025-02-10 06:18:40","BundleID":"com.apple.AppStore","ProcessName":"com.apple.AppStore","WifiIn":0,"WifiOut":0,"WiredIn":1267376,"WiredOut":39842,"_XIn":0,"_XOut":0,"LiveUsageTableID":43}
{"Timestamp":"2025-02-10T06:22:39Z","FirstTimestamp":"2025-02-10 06:22:29","LiveUsageTimestamp":"2025-02-10 06:22:29","BundleID":"com.apple.mobile.softwareupdated","ProcessName":"com.apple.mobile.softwareupdated","WifiIn":0,"WifiOut":0,"WiredIn":32948,"WiredOut":17549,"_XIn":0,"_XOut":0,"LiveUsageTableID":44}
{"Timestamp":"2025-02-10T06:26:30Z","FirstTimestamp":"2025-02-10 06:25:03","LiveUsageTimestamp":"2025-02-10 06:25:03","BundleID":"com.apple.Terminal","ProcessName":"com.apple.Terminal","WifiIn":0,"WifiOut":0,"WiredIn":32821599,"WiredOut":2145,"_XIn":0,"_XOut":0,"LiveUsageTableID":45}
