{"Line":"csrutil --status","SessionStarted":null,"SessionEnded":"2025-02-10T06:15:39.424233893Z","SessionResumed":"2025-02-10T06:15:39Z","FullPath":"/Users/michaeltan/.zsh_sessions/6C571B83-7069-445C-B534-5E2E4EF2C655.history"}
{"Line":"csrutil status","SessionStarted":null,"SessionEnded":"2025-02-10T06:15:39.424233893Z","SessionResumed":"2025-02-10T06:15:39Z","FullPath":"/Users/michaeltan/.zsh_sessions/6C571B83-7069-445C-B534-5E2E4EF2C655.history"}
{"Line":"ls","SessionStarted":null,"SessionEnded":"2025-02-10T06:15:39.424233893Z","SessionResumed":"2025-02-10T06:15:39Z","FullPath":"/Users/michaeltan/.zsh_sessions/6C571B83-7069-445C-B534-5E2E4EF2C655.history"}
{"Line":"git","SessionStarted":null,"SessionEnded":"2025-02-10T06:15:39.424233893Z","SessionResumed":"2025-02-10T06:15:39Z","FullPath":"/Users/michaeltan/.zsh_sessions/6C571B83-7069-445C-B534-5E2E4EF2C655.history"}
{"Line":"csrutil --status","SessionStarted":null,"SessionEnded":"2025-02-10T06:11:45.582842479Z","SessionResumed":"2025-02-10T06:11:45Z","FullPath":"/Users/michaeltan/.zsh_sessions/E14F6453-C820-446F-B63F-0F0C7D87A2DA.history"}
{"Line":"csrutil status","SessionStarted":null,"SessionEnded":"2025-02-10T06:11:45.582842479Z","SessionResumed":"2025-02-10T06:11:45Z","FullPath":"/Users/michaeltan/.zsh_sessions/E14F6453-C820-446F-B63F-0F0C7D87A2DA.history"}
{"Line":"ls","SessionStarted":null,"SessionEnded":"2025-02-10T06:11:45.582842479Z","SessionResumed":"2025-02-10T06:11:45Z","FullPath":"/Users/michaeltan/.zsh_sessions/E14F6453-C820-446F-B63F-0F0C7D87A2DA.history"}
