{
 "Hostname": "michaeltans-Mac.local",
 "Uptime": 1022,
 "BootTime": 1739167768,
 "OS": "darwin",
 "Platform": "darwin",
 "PlatformFamily": "Standalone Workstation",
 "PlatformVersion": "",
 "KernelVersion": "23.3.0",
 "VirtualizationSystem": "",
 "VirtualizationRole": "",
 "CompilerVersion": "go1.23.2",
 "HostID": "564D4E2C-955A-0941-D876-173DB1976F32",
 "Exe": "/Users/michaeltan/Downloads/VelociraptorClient/velociraptor-v0.73.1-darwin-amd64",
 "CWD": "/Users/michaeltan/Downloads/VelociraptorClient",
 "IsAdmin": true,
 "ClientStart": "2025-02-10T06:26:29.97611Z",
 "LocalTZ": "PST",
 "LocalTZOffset": -28800,
 "Fqdn": "michaeltans-Mac.local",
 "Architecture": "amd64",
 "Name": "velociraptor",
 "BuildTime": "2024-10-14T02:48:05Z",
 "build_url": ""
}