{
 "session_id": "F.CUKPO6TQDHTC2",
 "request": {
  "artifacts": [
   "MacOS.Applications.KnowledgeC",
   "MacOS.Applications.NetworkUsage",
   "MacOS.Detection.Autoruns",
   "MacOS.Detection.Yara.Glob",
   "MacOS.Detection.Yara.Process",
   "MacOS.Forensics.KnockKnock",
   "MacOS.Network.Netstat",
   "MacOS.OSQuery.Generic",
   "MacOS.Sys.BashHistory",
   "MacOS.Sys.Pslist",
   "MacOS.System.Dock",
   "MacOS.System.Packages",
   "MacOS.System.QuarantineEvents",
   "MacOS.System.Users"
  ]
 },
 "create_time": 1739168795459045000,
 "total_uploaded_files": 821,
 "total_expected_uploaded_bytes": 1063202,
 "total_uploaded_bytes": 1063202,
 "total_collected_rows": 857,
 "total_logs": 4014,
 "total_requests": 14,
 "execution_duration": 977769141000,
 "state": 2,
 "artifacts_with_results": [
  "MacOS.Applications.KnowledgeC/Application Activities",
  "MacOS.System.Dock",
  "MacOS.System.Users",
  "MacOS.Applications.NetworkUsage",
  "MacOS.Sys.BashHistory/History",
  "MacOS.Sys.BashHistory/Sessions",
  "MacOS.OSQuery.Generic",
  "MacOS.System.Packages",
  "MacOS.System.QuarantineEvents",
  "MacOS.Sys.Pslist",
  "MacOS.Detection.Autoruns/Sandboxed Loginitems",
  "MacOS.Detection.Autoruns/LaunchAgentsDaemons",
  "MacOS.Detection.Autoruns/ScriptingAdditions",
  "MacOS.Detection.Autoruns/MiscItems",
  "MacOS.Forensics.KnockKnock/Launch Items",
  "MacOS.Forensics.KnockKnock/Periodic Scripts",
  "MacOS.Detection.Yara.Process"
 ],
 "query_stats": [
  {
   "duration": 73781000,
   "names_with_response": [
    "MacOS.Applications.KnowledgeC/Application Activities"
   ],
   "log_rows": 7,
   "result_rows": 1
  },
  {
   "duration": 118155000,
   "names_with_response": [
    "MacOS.System.Dock"
   ],
   "log_rows": 12,
   "result_rows": 16
  },
  {
   "duration": 278015000,
   "names_with_response": [
    "MacOS.System.Users"
   ],
   "log_rows": 14,
   "result_rows": 4
  },
  {
   "duration": 403198000,
   "names_with_response": [
    "MacOS.Applications.NetworkUsage"
   ],
   "log_rows": 19,
   "result_rows": 45
  },
  {
   "duration": 468118000,
   "names_with_response": [
    "MacOS.Sys.BashHistory/History",
    "MacOS.Sys.BashHistory/Sessions"
   ],
   "log_rows": 24,
   "result_rows": 7
  },
  {
   "duration": 5038718000,
   "log_rows": 29
  },
  {
   "duration": 10735831000,
   "names_with_response": [
    "MacOS.OSQuery.Generic"
   ],
   "log_rows": 35,
   "result_rows": 1
  },
  {
   "duration": 15651990000,
   "names_with_response": [
    "MacOS.System.Packages"
   ],
   "log_rows": 40,
   "result_rows": 285
  },
  {
   "duration": 15795847000,
   "names_with_response": [
    "MacOS.System.QuarantineEvents"
   ],
   "log_rows": 44,
   "result_rows": 1
  },
  {
   "duration": 16154237000,
   "log_rows": 47
  },
  {
   "duration": 50473160000,
   "names_with_response": [
    "MacOS.Sys.Pslist"
   ],
   "log_rows": 545,
   "result_rows": 483
  },
  {
   "duration": 92874477000,
   "names_with_response": [
    "MacOS.Detection.Autoruns/Sandboxed Loginitems",
    "MacOS.Detection.Autoruns/LaunchAgentsDaemons",
    "MacOS.Detection.Autoruns/ScriptingAdditions",
    "MacOS.Detection.Autoruns/MiscItems"
   ],
   "log_rows": 889
  },
  {
   "duration": 93541938000,
   "names_with_response": [
    "MacOS.Forensics.KnockKnock/Launch Items",
    "MacOS.Forensics.KnockKnock/Periodic Scripts"
   ],
   "log_rows": 912
  },
  {
   "duration": 977769141000,
   "names_with_response": [
    "MacOS.Detection.Yara.Process"
   ],
   "log_rows": 1397,
   "result_rows": 14
  }
 ]
}