{
 "items": [
  {
   "session_id": "F.CUKPO6TQDHTC2",
   "request_id": 1,
   "VQLClientAction": {
    "query_id": 1,
    "total_queries": 14,
    "env": [
     {
      "key": "KCDBGlob",
      "value": "/private/var/db/CoreDuet/Knowledge/knowledgeC.db,/Library/Application Support/Knowledge/knowledgeC.db"
     }
    ],
    "Query": [
     {
      "VQL": "LET KCDBList = SELECT OSPath FROM glob(globs=split(string=KCDBGlob, sep=\",\"))"
     },
     {
      "VQL": "LET KCDBAppActivities = SELECT * FROM sqlite(file=OSPath, query='''\n  SELECT\n      datetime(ZOBJECT.ZCREATIONDATE+978307200,'UNIXEPOCH', 'LOCALTIME') as \"ENTRY CREATION\", \n      ZOBJECT.ZSECONDSFROMGMT/3600 AS \"GMT OFFSET\",\n      CASE ZOBJECT.ZSTARTDAYOFWEEK \n          WHEN \"1\" THEN \"Sunday\"\n          WHEN \"2\" THEN \"Monday\"\n          WHEN \"3\" THEN \"Tuesday\"\n          WHEN \"4\" THEN \"Wednesday\"\n          WHEN \"5\" THEN \"Thursday\"\n          WHEN \"6\" THEN \"Friday\"\n          WHEN \"7\" THEN \"Saturday\"\n      END \"DAY OF WEEK\",\n      datetime(ZOBJECT.ZSTARTDATE+978307200,'UNIXEPOCH', 'LOCALTIME') as \"START\", \n      datetime(ZOBJECT.ZENDDATE+978307200,'UNIXEPOCH', 'LOCALTIME') as \"END\", \n      (ZOBJECT.ZENDDATE-ZOBJECT.ZSTARTDATE) as \"USAGE IN SECONDS\", \n      ZOBJECT.ZSTREAMNAME, \n      ZOBJECT.ZVALUESTRING,\n      ZSTRUCTUREDMETADATA.Z_DKAPPLICATIONACTIVITYMETADATAKEY__ACTIVITYTYPE AS \"ACTIVITY TYPE\",  \n      ZSTRUCTUREDMETADATA.Z_DKAPPLICATIONACTIVITYMETADATAKEY__TITLE as \"TITLE\", \n      ZSTRUCTUREDMETADATA.Z_DKAPPLICATIONACTIVITYMETADATAKEY__USERACTIVITYREQUIREDSTRING as \"ACTIVITY STRING\",\n      datetime(ZSTRUCTUREDMETADATA.Z_DKAPPLICATIONACTIVITYMETADATAKEY__EXPIRATIONDATE+978307200,'UNIXEPOCH', 'LOCALTIME') as \"EXPIRATION DATE\"\n  FROM ZOBJECT\n  left join ZSTRUCTUREDMETADATA on ZOBJECT.ZSTRUCTUREDMETADATA = ZSTRUCTUREDMETADATA.Z_PK\n  WHERE ZSTREAMNAME is \"/app/activity\" or ZSTREAMNAME is \"/app/inFocus\"''')"
     },
     {
      "VQL": "LET MacOS_Applications_KnowledgeC_Application_Activities_0_2 = SELECT timestamp(string=`ENTRY CREATION`) AS Timestamp, `GMT OFFSET` AS OffsetGMT, `DAY OF WEEK` AS DayOfWeek, `START` AS Start, `END` AS End, `USAGE IN SECONDS` AS Usage, ZSTREAMNAME AS StreamName, ZVALUESTRING AS StreamValue, `ACTIVITY TYPE` AS ActivityType, TITLE AS Title, `ACTIVITY STRING` AS Activity, `EXPIRATION DATE` AS ExpirationDate FROM foreach(row=KCDBList, query=KCDBAppActivities)"
     },
     {
      "Name": "MacOS.Applications.KnowledgeC/Application Activities",
      "VQL": "SELECT * FROM MacOS_Applications_KnowledgeC_Application_Activities_0_2"
     }
    ],
    "max_row": 1000
   }
  },
  {
   "session_id": "F.CUKPO6TQDHTC2",
   "request_id": 2,
   "VQLClientAction": {
    "query_id": 2,
    "total_queries": 14,
    "env": [
     {
      "key": "NetUsageGlob",
      "value": "/private/var/networkd/netusage.sqlite,/private/var/networkd/db/netusage.sqlite"
     }
    ],
    "Query": [
     {
      "VQL": "LET NetUsageList = SELECT OSPath FROM glob(globs=split(string=NetUsageGlob, sep=\",\"))"
     },
     {
      "VQL": "LET NetUsageDetails = SELECT * FROM sqlite(file=OSPath, query='''\n    SELECT\n      DATETIME(ZPROCESS.ZTIMESTAMP + 978307200, 'unixepoch') AS \"PROCESS TIMESTAMP\",\n      DATETIME(ZPROCESS.ZFIRSTTIMESTAMP + 978307200, 'unixepoch') AS \"PROCESS FIRST TIMESTAMP\",\n      DATETIME(ZLIVEUSAGE.ZTIMESTAMP + 978307200, 'unixepoch') AS \"LIVE USAGE TIMESTAMP\",\n      ZBUNDLENAME AS \"BUNDLE ID\",\n      ZPROCNAME AS \"PROCESS NAME\",\n      ZWIFIIN AS \"WIFI IN\",\n      ZWIFIOUT AS \"WIFI OUT\",\n      ZWWANIN AS \"WWAN IN\",\n      ZWWANOUT AS \"WWAN OUT\",\n      ZWIREDIN AS \"WIRED IN\",\n      ZWIREDOUT AS \"WIRED OUT\",\n      ZXIN AS \"X IN\",\n      ZXOUT AS \"X OUT\",\n      ZLIVEUSAGE.Z_PK AS \"ZLIVEUSAGE TABLE ID\" \n    FROM ZLIVEUSAGE \n      LEFT JOIN ZPROCESS ON ZPROCESS.Z_PK = ZLIVEUSAGE.ZHASPROCESS''')"
     },
     {
      "VQL": "LET MacOS_Applications_NetworkUsage_0_2 = SELECT timestamp(string=`PROCESS TIMESTAMP`) AS Timestamp, `PROCESS FIRST TIMESTAMP` AS FirstTimestamp, `LIVE USAGE TIMESTAMP` AS LiveUsageTimestamp, `BUNDLE ID` AS BundleID, `PROCESS NAME` AS ProcessName, `WIFI IN` AS WifiIn, `WIFI OUT` AS WifiOut, `WIRED IN` AS WiredIn, `WIRED OUT` AS WiredOut, `X IN` AS _XIn, `X OUT` AS _XOut, `ZLIVEUSAGE TABLE ID` AS LiveUsageTableID FROM foreach(row=NetUsageList, query=NetUsageDetails)"
     },
     {
      "Name": "MacOS.Applications.NetworkUsage",
      "VQL": "SELECT * FROM MacOS_Applications_NetworkUsage_0_2"
     }
    ],
    "max_row": 1000
   }
  },
  {
   "session_id": "F.CUKPO6TQDHTC2",
   "request_id": 3,
   "VQLClientAction": {
    "query_id": 3,
    "total_queries": 14,
    "precondition": "SELECT OS FROM info() WHERE OS =~ 'darwin'",
    "env": [
     {
      "key": "sandboxed_loginitems",
      "value": "/var/db/com.apple.xpc.launchd/disabled.*.plist"
     },
     {
      "key": "cronTabGlob",
      "value": "/private/var/at//tabs/*"
     },
     {
      "key": "LaunchAgentsDaemonsGlob",
      "value": "[\"/System/Library/LaunchAgents/*.plist\",\"/Library/LaunchAgents/*.plist\",\n \"/Users/*/Library/LaunchAgents/*.plist\",\"/private/var/*/Library/LaunchAgents/*.plist\",\n \"/System/Library/LaunchAgents/.*.plist\",\"/Library/LaunchAgents/.*.plist\",\n \"/Users/*/Library/LaunchAgents/.*.plist\", \"/private/var/*/Library/LaunchAgents/.*.plist\",\n \"/System/Library/LaunchDaemons/*.plist\",\"/Library/LaunchDaemons/*.plist\",\n \"/System/Library/LaunchDaemons/.*.plist\",\"/Library/LaunchDaemons/.*.plist\"]\n"
     },
     {
      "key": "ScriptingAdditionsGlobs",
      "value": "[\"/System/Library/ScriptingAdditions/*.osax\",\"/Library/ScriptingAdditions/*.osax\",\n \"/System/Library/ScriptingAdditions/.*.osax\",\"/Library/ScriptingAdditions/.*.osax\"]\n"
     },
     {
      "key": "StartupItemsGlobs",
      "value": "[\"/System/Library/StartupItems/*/*\",\"/Library/StartupItems/*/*\"]\n"
     },
     {
      "key": "MiscItemsGlobs",
      "value": "[\"/private/etc/periodic.conf\", \"/private/etc/periodic/*/*\", \"/private/etc/*.local\",\n \"/private/etc/rc.common\",\n \"/private/etc/emond.d/*\",\"/private/etc/emond.d/*/*\"]\n"
     },
     {
      "key": "LoginItemsGlobs",
      "value": "[\"/Users/*/Library/Preferences/com.apple.loginitems.plist\",\n \"/private/var/*/Library/Preferences/com.apple.loginitems.plist\"]\n"
     }
    ],
    "Query": [
     {
      "VQL": "LET precondition_MacOS_Detection_Autoruns_Sandboxed_Loginitems_0 = SELECT OS FROM info() WHERE OS =~ 'darwin'"
     },
     {
      "VQL": "LET MacOS_Detection_Autoruns_Sandboxed_Loginitems_0_0 = SELECT OSPath, Mtime, plist(file=OSPath) AS Disabled, upload(file=OSPath) AS Upload FROM glob(globs=sandboxed_loginitems)"
     },
     {
      "Name": "MacOS.Detection.Autoruns/Sandboxed Loginitems",
      "VQL": "SELECT * FROM if(then=MacOS_Detection_Autoruns_Sandboxed_Loginitems_0_0, condition=precondition_MacOS_Detection_Autoruns_Sandboxed_Loginitems_0, else={SELECT * FROM scope() WHERE log(message='Query skipped due to precondition') AND FALSE})"
     },
     {
      "VQL": "LET precondition_MacOS_Detection_Autoruns_crontabs_1 = SELECT OS FROM info() WHERE OS =~ 'darwin'"
     },
     {
      "VQL": "LET raw = SELECT * FROM foreach(row={ SELECT OSPath, Name, Mtime, upload(file=OSPath) AS Upload FROM glob(globs=split(string=cronTabGlob, sep=\",\")) }, query={ SELECT OSPath, Name, Mtime, Upload, data, parse_string_with_regex(string=data, regex=[\"^(?P\u003cEvent\u003e@[a-zA-Z]+)\\\\s+(?P\u003cCommand\u003e.+)\", \"^(?P\u003cMinute\u003e[^\\\\s]+)\\\\s+\" + \"(?P\u003cHour\u003e[^\\\\s]+)\\\\s+\" + \"(?P\u003cDayOfMonth\u003e[^\\\\s]+)\\\\s+\" + \"(?P\u003cMonth\u003e[^\\\\s]+)\\\\s+\" + \"(?P\u003cDayOfWeek\u003e[^\\\\s]+)\\\\s+\" + \"(?P\u003cCommand\u003e.+)$\"]) AS Record FROM split_records(filenames=OSPath, regex=\"\\n\", columns=[\"data\"]) WHERE NOT data =~ \"^\\\\s*#\" }) WHERE Record.Command"
     },
     {
      "VQL": "LET MacOS_Detection_Autoruns_crontabs_1_1 = SELECT Record.Event AS Event, Mtime, Name AS User, Record.Minute AS Minute, Record.Hour AS Hour, Record.DayOfMonth AS DayOfMonth, Record.Month AS Month, Record.DayOfWeek AS DayOfWeek, Record.Command AS Command, OSPath AS Path, Upload FROM raw"
     },
     {
      "Name": "MacOS.Detection.Autoruns/crontabs",
      "VQL": "SELECT * FROM if(then=MacOS_Detection_Autoruns_crontabs_1_1, condition=precondition_MacOS_Detection_Autoruns_crontabs_1, else={SELECT * FROM scope() WHERE log(message='Query skipped due to precondition') AND FALSE})"
     },
     {
      "VQL": "LET precondition_MacOS_Detection_Autoruns_LaunchAgentsDaemons_2 = SELECT OS FROM info() WHERE OS =~ 'darwin'"
     },
     {
      "VQL": "LET launchd_config = SELECT OSPath, Mtime, plist(file=OSPath) AS LaunchdConfig, upload(file=OSPath) AS Upload FROM glob(globs=parse_json_array(data=LaunchAgentsDaemonsGlob))"
     },
     {
      "VQL": "LET programs = SELECT OSPath, Mtime, LaunchdConfig, get(member=\"LaunchdConfig.Program\", default=get(member=\"LaunchdConfig.ProgramArguments.0\")) AS Program FROM launchd_config"
     },
     {
      "VQL": "LET MacOS_Detection_Autoruns_LaunchAgentsDaemons_2_2 = SELECT OSPath, Mtime, LaunchdConfig, Program, hash(path=Program) AS Hash, upload(file=OSPath) AS Upload FROM programs"
     },
     {
      "Name": "MacOS.Detection.Autoruns/LaunchAgentsDaemons",
      "VQL": "SELECT * FROM if(then=MacOS_Detection_Autoruns_LaunchAgentsDaemons_2_2, condition=precondition_MacOS_Detection_Autoruns_LaunchAgentsDaemons_2, else={SELECT * FROM scope() WHERE log(message='Query skipped due to precondition') AND FALSE})"
     },
     {
      "VQL": "LET precondition_MacOS_Detection_Autoruns_ScriptingAdditions_3 = SELECT OS FROM info() WHERE OS =~ 'darwin'"
     },
     {
      "VQL": "LET MacOS_Detection_Autoruns_ScriptingAdditions_3_0 = SELECT OSPath, Mtime, upload(file=OSPath) AS Upload FROM glob(globs=parse_json_array(data=ScriptingAdditionsGlobs))"
     },
     {
      "Name": "MacOS.Detection.Autoruns/ScriptingAdditions",
      "VQL": "SELECT * FROM if(then=MacOS_Detection_Autoruns_ScriptingAdditions_3_0, condition=precondition_MacOS_Detection_Autoruns_ScriptingAdditions_3, else={SELECT * FROM scope() WHERE log(message='Query skipped due to precondition') AND FALSE})"
     },
     {
      "VQL": "LET precondition_MacOS_Detection_Autoruns_StartupItems_4 = SELECT OS FROM info() WHERE OS =~ 'darwin'"
     },
     {
      "VQL": "LET MacOS_Detection_Autoruns_StartupItems_4_0 = SELECT OSPath, Mtime, upload(file=OSPath) AS Upload FROM glob(globs=parse_json_array(data=StartupItemsGlobs))"
     },
     {
      "Name": "MacOS.Detection.Autoruns/StartupItems",
      "VQL": "SELECT * FROM if(then=MacOS_Detection_Autoruns_StartupItems_4_0, condition=precondition_MacOS_Detection_Autoruns_StartupItems_4, else={SELECT * FROM scope() WHERE log(message='Query skipped due to precondition') AND FALSE})"
     },
     {
      "VQL": "LET precondition_MacOS_Detection_Autoruns_MiscItems_5 = SELECT OS FROM info() WHERE OS =~ 'darwin'"
     },
     {
      "VQL": "LET MacOS_Detection_Autoruns_MiscItems_5_0 = SELECT OSPath, Mtime, upload(file=OSPath) AS Upload FROM glob(globs=parse_json_array(data=MiscItemsGlobs))"
     },
     {
      "Name": "MacOS.Detection.Autoruns/MiscItems",
      "VQL": "SELECT * FROM if(then=MacOS_Detection_Autoruns_MiscItems_5_0, condition=precondition_MacOS_Detection_Autoruns_MiscItems_5, else={SELECT * FROM scope() WHERE log(message='Query skipped due to precondition') AND FALSE})"
     },
     {
      "VQL": "LET precondition_MacOS_Detection_Autoruns_LoginItems_6 = SELECT OS FROM info() WHERE OS =~ 'darwin'"
     },
     {
      "VQL": "LET MacOS_Detection_Autoruns_LoginItems_6_0 = SELECT OSPath, Mtime, plist(file=OSPath) AS LoginItemConfig, upload(file=OSPath) AS Upload FROM glob(globs=parse_json_array(data=LoginItemsGlobs))"
     },
     {
      "Name": "MacOS.Detection.Autoruns/LoginItems",
      "VQL": "SELECT * FROM if(then=MacOS_Detection_Autoruns_LoginItems_6_0, condition=precondition_MacOS_Detection_Autoruns_LoginItems_6, else={SELECT * FROM scope() WHERE log(message='Query skipped due to precondition') AND FALSE})"
     }
    ],
    "max_row": 1000
   }
  },
  {
   "session_id": "F.CUKPO6TQDHTC2",
   "request_id": 4,
   "VQLClientAction": {
    "query_id": 4,
    "total_queries": 14,
    "env": [
     {
      "key": "PathGlob",
      "value": "/usr/bin/ls"
     },
     {
      "key": "SizeMax"
     },
     {
      "key": "SizeMin"
     },
     {
      "key": "UploadHits"
     },
     {
      "key": "DateAfter"
     },
     {
      "key": "DateBefore"
     },
     {
      "key": "YaraUrl"
     },
     {
      "key": "YaraRule",
      "value": "rule IsELF:TestRule {\n   meta:\n      author = \"the internet\"\n      date = \"2021-05-03\"\n      description = \"A simple ELF rule to test yara features\"\n  condition:\n     uint32(0) == 0x464c457f\n}\n"
     },
     {
      "key": "NumberOfHits",
      "value": "1"
     },
     {
      "key": "ContextBytes",
      "value": "0"
     }
    ],
    "Query": [
     {
      "VQL": "LET SizeMax \u003c= int(int=SizeMax)"
     },
     {
      "VQL": "LET SizeMin \u003c= int(int=SizeMin)"
     },
     {
      "VQL": "LET UploadHits \u003c= get(field='UploadHits') = TRUE OR get(field='UploadHits') =~ '^(Y|TRUE|YES|OK)$' "
     },
     {
      "VQL": "LET DateAfter \u003c= timestamp(epoch=DateAfter)"
     },
     {
      "VQL": "LET DateBefore \u003c= timestamp(epoch=DateBefore)"
     },
     {
      "VQL": "LET YaraUrl_ \u003c= if(condition=YaraUrl, then={\n   SELECT Content FROM http_client(url=YaraUrl)\n})"
     },
     {
      "VQL": "LET YaraUrl \u003c= YaraUrl_.Content[0]"
     },
     {
      "VQL": "LET NumberOfHits \u003c= int(int=NumberOfHits)"
     },
     {
      "VQL": "LET ContextBytes \u003c= int(int=ContextBytes)"
     },
     {
      "VQL": "LET yara_rules \u003c= YaraUrl || YaraRule"
     },
     {
      "VQL": "LET time_test(stamp) = if(condition=DateBefore  AND DateAfter, then=stamp \u003c DateBefore  AND stamp \u003e DateAfter, else=if(condition=DateBefore, then=stamp \u003c DateBefore, else=if(condition=DateAfter, then=stamp \u003e DateAfter, else=True)))"
     },
     {
      "VQL": "LET files = SELECT OSPath, Name, Size, Mtime, Atime, Ctime, Btime FROM glob(globs=PathGlob, nosymlink='True') WHERE NOT IsDir  AND NOT IsLink  AND if(condition=SizeMin, then=SizeMin \u003c Size, else=True)  AND if(condition=SizeMax, then=SizeMax \u003e Size, else=True)  AND (time_test(stamp=Mtime) OR time_test(stamp=Atime) OR time_test(stamp=Ctime) OR time_test(stamp=Btime))"
     },
     {
      "VQL": "LET hits = SELECT * FROM foreach(row=files, query={ SELECT OSPath, File.Size AS Size, Mtime, Atime, Ctime, Btime, Rule, Tags, Meta, String.Name AS YaraString, String.Offset AS HitOffset, upload(accessor='scope', file='String.Data', name=format(format=\"%v-%v-%v\", args=[OSPath, if(condition=String.Offset - ContextBytes \u003c 0, then=0, else=String.Offset - ContextBytes), if(condition=String.Offset + ContextBytes \u003e Size, then=Size, else=String.Offset + ContextBytes)])) AS HitContext FROM yara(rules=yara_rules, files=OSPath, context=ContextBytes, number=NumberOfHits) })"
     },
     {
      "VQL": "LET upload_hits = SELECT *, upload(file=OSPath, name=OSPath) AS Upload FROM hits"
     },
     {
      "VQL": "LET MacOS_Detection_Yara_Glob_0_5 = SELECT * FROM if(condition=UploadHits, then=upload_hits, else=hits)"
     },
     {
      "Name": "MacOS.Detection.Yara.Glob",
      "VQL": "SELECT * FROM MacOS_Detection_Yara_Glob_0_5"
     }
    ],
    "max_row": 1000
   }
  },
  {
   "session_id": "F.CUKPO6TQDHTC2",
   "request_id": 5,
   "VQLClientAction": {
    "query_id": 5,
    "total_queries": 14,
    "precondition": "\nSELECT OS From info() where OS = 'linux' OR OS = 'darwin'\n",
    "env": [
     {
      "key": "ProcessRegex",
      "value": "."
     },
     {
      "key": "PidRegex",
      "value": "."
     },
     {
      "key": "UploadHits"
     },
     {
      "key": "YaraUrl"
     },
     {
      "key": "YaraRule",
      "value": "rule keyword_search {\n   strings:\n     $a = \"velociraptor\" ascii\n\n  condition:\n      any of them\n}\n"
     },
     {
      "key": "NumberOfHits",
      "value": "1"
     },
     {
      "key": "ContextBytes",
      "value": "0"
     },
     {
      "key": "ExePathWhitelist"
     }
    ],
    "Query": [
     {
      "VQL": "LET UploadHits \u003c= get(field='UploadHits') = TRUE OR get(field='UploadHits') =~ '^(Y|TRUE|YES|OK)$' "
     },
     {
      "VQL": "LET YaraUrl_ \u003c= if(condition=YaraUrl, then={\n   SELECT Content FROM http_client(url=YaraUrl)\n})"
     },
     {
      "VQL": "LET YaraUrl \u003c= YaraUrl_.Content[0]"
     },
     {
      "VQL": "LET NumberOfHits \u003c= int(int=NumberOfHits)"
     },
     {
      "VQL": "LET ContextBytes \u003c= int(int=ContextBytes)"
     },
     {
      "VQL": "LET precondition_MacOS_Detection_Yara_Process_0 = \nSELECT OS From info() where OS = 'linux' OR OS = 'darwin'\n"
     },
     {
      "VQL": "LET yara_rules \u003c= YaraUrl || YaraRule"
     },
     {
      "VQL": "LET me = SELECT Pid FROM pslist(pid=getpid())"
     },
     {
      "VQL": "LET processes = SELECT Name AS ProcessName, CommandLine, Pid FROM pslist() WHERE Name =~ ProcessRegex  AND format(format=\"%d\", args=Pid) =~ PidRegex  AND NOT Pid IN me.Pid  AND NOT if(condition=ExePathWhitelist, then=Exe =~ ExePathWhitelist)  AND log(message=format(format=\"Scanning pid %v: %v\", args=[Pid, CommandLine]))"
     },
     {
      "VQL": "LET hits = SELECT * FROM foreach(row=processes, query={ SELECT ProcessName, CommandLine, Pid, Rule, Tag, Meta, String.Name AS YaraString, String.Offset AS HitOffset, if(condition=String.Data, then=upload(accessor='scope', file='String.Data', name=format(format=\"%v-%v_%v_%v\", args=[ProcessName, Pid, String.Offset, ContextBytes]))) AS HitContext FROM proc_yara(pid=Pid, rules=yara_rules, context=ContextBytes, number=NumberOfHits) })"
     },
     {
      "VQL": "LET upload_hits = SELECT *, upload(accessor=\"process\", file=format(format=\"/%v\", args=Pid), name=pathspec(Path=format(format='%v-%v.dmp', args=[ProcessName, Pid]))) AS ProcessDump FROM hits WHERE log(message=format(format='Will upload %v: %v', args=[Pid, ProcessName]))"
     },
     {
      "VQL": "LET MacOS_Detection_Yara_Process_0_5 = SELECT * FROM if(condition=UploadHits, then=upload_hits, else=hits)"
     },
     {
      "Name": "MacOS.Detection.Yara.Process",
      "VQL": "SELECT * FROM if(then=MacOS_Detection_Yara_Process_0_5, condition=precondition_MacOS_Detection_Yara_Process_0, else={SELECT * FROM scope() WHERE log(message='Query skipped due to precondition') AND FALSE})"
     }
    ],
    "max_row": 1000
   }
  },
  {
   "session_id": "F.CUKPO6TQDHTC2",
   "request_id": 6,
   "VQLClientAction": {
    "query_id": 6,
    "total_queries": 14,
    "env": [
     {
      "key": "IncludeAppleItems"
     },
     {
      "key": "QueryVT"
     },
     {
      "key": "Tool_KnockKnock_HASH",
      "value": "0a2a392e352815c15c3e50d9c55bc8f062660543d3139726b7775aad5e3852f7"
     },
     {
      "key": "Tool_KnockKnock_FILENAME"
     }
    ],
    "Query": [
     {
      "VQL": "LET IncludeAppleItems \u003c= get(field='IncludeAppleItems') = TRUE OR get(field='IncludeAppleItems') =~ '^(Y|TRUE|YES|OK)$' "
     },
     {
      "VQL": "LET QueryVT \u003c= get(field='QueryVT') = TRUE OR get(field='QueryVT') =~ '^(Y|TRUE|YES|OK)$' "
     },
     {
      "VQL": "LET tool \u003c= SELECT * FROM Artifact.Generic.Utils.FetchBinary(ToolName=\"KnockKnock\", IsExecutable='N')"
     },
     {
      "VQL": "LET tempfolder \u003c= tempdir()"
     },
     {
      "VQL": "LET bin \u003c= SELECT * FROM unzip(filename=tool.OSPath[0], output_directory=tempfolder)"
     },
     {
      "VQL": "LET other_commands = if(condition=IncludeAppleItems  AND QueryVT, then=['-apple'], else=if(condition=IncludeAppleItems  AND NOT QueryVT, then=['-apple', '-skipVT'], else=if(condition=NOT IncludeAppleItems  AND NOT QueryVT, then=['-skipVT'], else='')))"
     },
     {
      "VQL": "LET results \u003c= SELECT parse_json(data=Stdout) AS KnockKnockResults FROM execve(argv=[tempfolder + '/KnockKnock.app/Contents/MacOS/KnockKnock', '-whosthere', other_commands], length=10000000)"
     },
     {
      "VQL": "LET MacOS_Forensics_KnockKnock_Authorization_Plugins_0_5 = SELECT * FROM foreach(row=results.KnockKnockResults.`Authorization Plugins`, query={ SELECT * FROM foreach(row=_value) })"
     },
     {
      "Name": "MacOS.Forensics.KnockKnock/Authorization Plugins",
      "VQL": "SELECT * FROM MacOS_Forensics_KnockKnock_Authorization_Plugins_0_5"
     },
     {
      "VQL": "LET MacOS_Forensics_KnockKnock_Browser_Extensions_1_0 = SELECT * FROM foreach(row=results.KnockKnockResults.`Browser Extensions`, query={ SELECT * FROM foreach(row=_value) })"
     },
     {
      "Name": "MacOS.Forensics.KnockKnock/Browser Extensions",
      "VQL": "SELECT * FROM MacOS_Forensics_KnockKnock_Browser_Extensions_1_0"
     },
     {
      "VQL": "LET MacOS_Forensics_KnockKnock_Background_Managed_Tasks_2_0 = SELECT * FROM foreach(row=results.KnockKnockResults.`Background Managed Tasks`, query={ SELECT * FROM foreach(row=_value) })"
     },
     {
      "Name": "MacOS.Forensics.KnockKnock/Background Managed Tasks",
      "VQL": "SELECT * FROM MacOS_Forensics_KnockKnock_Background_Managed_Tasks_2_0"
     },
     {
      "VQL": "LET MacOS_Forensics_KnockKnock_Cron_Jobs_3_0 = SELECT * FROM foreach(row=results.KnockKnockResults.`Cron Jobs`, query={ SELECT * FROM foreach(row=_value) })"
     },
     {
      "Name": "MacOS.Forensics.KnockKnock/Cron Jobs",
      "VQL": "SELECT * FROM MacOS_Forensics_KnockKnock_Cron_Jobs_3_0"
     },
     {
      "VQL": "LET MacOS_Forensics_KnockKnock_Dir__Services_Plugins_4_0 = SELECT * FROM foreach(row=results.KnockKnockResults.`Dir. Services Plugins`, query={ SELECT * FROM foreach(row=_value) })"
     },
     {
      "Name": "MacOS.Forensics.KnockKnock/Dir. Services Plugins",
      "VQL": "SELECT * FROM MacOS_Forensics_KnockKnock_Dir__Services_Plugins_4_0"
     },
     {
      "VQL": "LET MacOS_Forensics_KnockKnock_Dock_Tiles_Plugins_5_0 = SELECT * FROM foreach(row=results.KnockKnockResults.`Dock Tiles Plugins`, query={ SELECT * FROM foreach(row=_value) })"
     },
     {
      "Name": "MacOS.Forensics.KnockKnock/Dock Tiles Plugins",
      "VQL": "SELECT * FROM MacOS_Forensics_KnockKnock_Dock_Tiles_Plugins_5_0"
     },
     {
      "VQL": "LET MacOS_Forensics_KnockKnock_Event_Rules_6_0 = SELECT * FROM foreach(row=results.KnockKnockResults.`Event Rules`, query={ SELECT * FROM foreach(row=_value) })"
     },
     {
      "Name": "MacOS.Forensics.KnockKnock/Event Rules",
      "VQL": "SELECT * FROM MacOS_Forensics_KnockKnock_Event_Rules_6_0"
     },
     {
      "VQL": "LET MacOS_Forensics_KnockKnock_Extensions_and_Widgets_7_0 = SELECT * FROM foreach(row=results.KnockKnockResults.`Extensions and Widgets`, query={ SELECT * FROM foreach(row=_value) })"
     },
     {
      "Name": "MacOS.Forensics.KnockKnock/Extensions and Widgets",
      "VQL": "SELECT * FROM MacOS_Forensics_KnockKnock_Extensions_and_Widgets_7_0"
     },
     {
      "VQL": "LET MacOS_Forensics_KnockKnock_Kernel_Extensions_8_0 = SELECT * FROM foreach(row=results.KnockKnockResults.`Kernel Extensions`, query={ SELECT * FROM foreach(row=_value) })"
     },
     {
      "Name": "MacOS.Forensics.KnockKnock/Kernel Extensions",
      "VQL": "SELECT * FROM MacOS_Forensics_KnockKnock_Kernel_Extensions_8_0"
     },
     {
      "VQL": "LET MacOS_Forensics_KnockKnock_Launch_Items_9_0 = SELECT * FROM foreach(row=results.KnockKnockResults.`Launch Items`, query={ SELECT * FROM foreach(row=_value) })"
     },
     {
      "Name": "MacOS.Forensics.KnockKnock/Launch Items",
      "VQL": "SELECT * FROM MacOS_Forensics_KnockKnock_Launch_Items_9_0"
     },
     {
      "VQL": "LET MacOS_Forensics_KnockKnock_Library_Inserts_10_0 = SELECT * FROM foreach(row=results.KnockKnockResults.`Library Inserts`, query={ SELECT * FROM foreach(row=_value) })"
     },
     {
      "Name": "MacOS.Forensics.KnockKnock/Library Inserts",
      "VQL": "SELECT * FROM MacOS_Forensics_KnockKnock_Library_Inserts_10_0"
     },
     {
      "VQL": "LET MacOS_Forensics_KnockKnock_Library_Proxies_11_0 = SELECT * FROM foreach(row=results.KnockKnockResults.`Library Proxies`, query={ SELECT * FROM foreach(row=_value) })"
     },
     {
      "Name": "MacOS.Forensics.KnockKnock/Library Proxies",
      "VQL": "SELECT * FROM MacOS_Forensics_KnockKnock_Library_Proxies_11_0"
     },
     {
      "VQL": "LET MacOS_Forensics_KnockKnock_Login_Items_12_0 = SELECT * FROM foreach(row=results.KnockKnockResults.`Login Items`, query={ SELECT * FROM foreach(row=_value) })"
     },
     {
      "Name": "MacOS.Forensics.KnockKnock/Login Items",
      "VQL": "SELECT * FROM MacOS_Forensics_KnockKnock_Login_Items_12_0"
     },
     {
      "VQL": "LET MacOS_Forensics_KnockKnock_Login_Logout_Hooks_13_0 = SELECT * FROM foreach(row=results.KnockKnockResults.`Login/Logout Hooks`, query={ SELECT * FROM foreach(row=_value) })"
     },
     {
      "Name": "MacOS.Forensics.KnockKnock/Login/Logout Hooks",
      "VQL": "SELECT * FROM MacOS_Forensics_KnockKnock_Login_Logout_Hooks_13_0"
     },
     {
      "VQL": "LET MacOS_Forensics_KnockKnock_Periodic_Scripts_14_0 = SELECT * FROM foreach(row=results.KnockKnockResults.`Periodic Scripts`, query={ SELECT * FROM foreach(row=_value) })"
     },
     {
      "Name": "MacOS.Forensics.KnockKnock/Periodic Scripts",
      "VQL": "SELECT * FROM MacOS_Forensics_KnockKnock_Periodic_Scripts_14_0"
     },
     {
      "VQL": "LET MacOS_Forensics_KnockKnock_Quicklook_Plugins_15_0 = SELECT * FROM foreach(row=results.KnockKnockResults.`Quicklook Plugins`, query={ SELECT * FROM foreach(row=_value) })"
     },
     {
      "Name": "MacOS.Forensics.KnockKnock/Quicklook Plugins",
      "VQL": "SELECT * FROM MacOS_Forensics_KnockKnock_Quicklook_Plugins_15_0"
     },
     {
      "VQL": "LET MacOS_Forensics_KnockKnock_Library_Inserts_16_0 = SELECT * FROM foreach(row=results.KnockKnockResults.`Library Inserts`, query={ SELECT * FROM foreach(row=_value) })"
     },
     {
      "Name": "MacOS.Forensics.KnockKnock/Library Inserts",
      "VQL": "SELECT * FROM MacOS_Forensics_KnockKnock_Library_Inserts_16_0"
     },
     {
      "VQL": "LET MacOS_Forensics_KnockKnock_Spotlight_Importers_17_0 = SELECT * FROM foreach(row=results.KnockKnockResults.`Spotlight Importers`, query={ SELECT * FROM foreach(row=_value) })"
     },
     {
      "Name": "MacOS.Forensics.KnockKnock/Spotlight Importers",
      "VQL": "SELECT * FROM MacOS_Forensics_KnockKnock_Spotlight_Importers_17_0"
     },
     {
      "VQL": "LET MacOS_Forensics_KnockKnock_Startup_Scripts_18_0 = SELECT * FROM foreach(row=results.KnockKnockResults.`Startup Scripts`, query={ SELECT * FROM foreach(row=_value) })"
     },
     {
      "Name": "MacOS.Forensics.KnockKnock/Startup Scripts",
      "VQL": "SELECT * FROM MacOS_Forensics_KnockKnock_Startup_Scripts_18_0"
     },
     {
      "VQL": "LET MacOS_Forensics_KnockKnock_System_Extensions_19_0 = SELECT * FROM foreach(row=results.KnockKnockResults.`System Extensions`, query={ SELECT * FROM foreach(row=_value) })"
     },
     {
      "Name": "MacOS.Forensics.KnockKnock/System Extensions",
      "VQL": "SELECT * FROM MacOS_Forensics_KnockKnock_System_Extensions_19_0"
     }
    ],
    "max_row": 1000,
    "artifacts": [
     {
      "name": "Generic.Utils.FetchBinary",
      "parameters": [
       {
        "name": "SleepDuration",
        "default": "0",
        "type": "int"
       },
       {
        "name": "ToolName"
       },
       {
        "name": "ToolInfo"
       },
       {
        "name": "TemporaryOnly",
        "type": "bool"
       },
       {
        "name": "Version"
       },
       {
        "name": "IsExecutable",
        "default": "Y",
        "type": "bool"
       }
      ],
      "type": "client",
      "sources": [
       {
        "queries": [
         "LET RequiredTool \u003c= ToolName",
         "LET S = scope()",
         "LET matching_tools \u003c= SELECT ToolName, Filename FROM parse_csv(filename=\"/uploads/inventory.csv\", accessor=\"me\") WHERE RequiredTool = ToolName",
         "LET get_ext(filename) = parse_string_with_regex(regex=\"(\\\\.[a-z0-9]+)$\", string=filename).g1",
         "LET FullPath \u003c= if(condition=matching_tools, then=copy(filename=matching_tools[0].Filename, accessor=\"me\", dest=tempfile(extension=get_ext(filename=matching_tools[0].Filename), remove_last=TRUE, permissions=if(condition=IsExecutable, then=\"x\"))))",
         "SELECT FullPath, FullPath AS OSPath, Filename AS Name FROM matching_tools"
        ]
       }
      ]
     }
    ]
   }
  },
  {
   "session_id": "F.CUKPO6TQDHTC2",
   "request_id": 7,
   "VQLClientAction": {
    "query_id": 7,
    "total_queries": 14,
    "precondition": "\nSELECT OS From info() where OS = 'darwin'\n",
    "env": [
     {
      "key": "IPRegex",
      "value": "."
     },
     {
      "key": "PortRegex",
      "value": "."
     },
     {
      "key": "ProcessNameRegex",
      "value": "."
     },
     {
      "key": "UsernameRegex",
      "value": "."
     },
     {
      "key": "ConnectionStatusRegex",
      "value": "LISTEN|ESTAB"
     },
     {
      "key": "ProcessPathRegex",
      "value": "."
     },
     {
      "key": "CommandLineRegex",
      "value": "."
     },
     {
      "key": "CallChainRegex",
      "value": "."
     },
     {
      "key": "AlsoCollectFullProcessTree"
     }
    ],
    "Query": [
     {
      "VQL": "LET AlsoCollectFullProcessTree \u003c= get(field='AlsoCollectFullProcessTree') = TRUE OR get(field='AlsoCollectFullProcessTree') =~ '^(Y|TRUE|YES|OK)$' "
     },
     {
      "VQL": "LET precondition_MacOS_Network_Netstat_0 = \nSELECT OS From info() where OS = 'darwin'\n"
     },
     {
      "VQL": "LET MacOS_Network_Netstat_0_0 = SELECT Laddr.IP AS Laddr, Laddr.Port AS Lport, Raddr.IP AS Raddr, Raddr.Port AS Rport, Pid, Status, TypeString AS Type, process_tracker_get(id=Pid).Data AS ProcInfo, join(array=process_tracker_callchain(id=Pid).Data.Name, sep=\" -\u003e \") AS CallChain, if(condition=AlsoCollectFullProcessTree, then=process_tracker_tree(id=Pid)) AS ChildrenTree FROM netstat() WHERE Status =~ ConnectionStatusRegex  AND Raddr =~ IPRegex  AND (Lport =~ PortRegex OR Rport =~ PortRegex)  AND ProcInfo.Name =~ ProcessNameRegex  AND ProcInfo.Username =~ UsernameRegex  AND ProcInfo.Exe =~ ProcessPathRegex  AND ProcInfo.CommandLine =~ CommandLineRegex  AND CallChain =~ CallChainRegex"
     },
     {
      "Name": "MacOS.Network.Netstat",
      "VQL": "SELECT * FROM if(then=MacOS_Network_Netstat_0_0, condition=precondition_MacOS_Network_Netstat_0, else={SELECT * FROM scope() WHERE log(message='Query skipped due to precondition') AND FALSE})"
     }
    ],
    "max_row": 1000
   }
  },
  {
   "session_id": "F.CUKPO6TQDHTC2",
   "request_id": 8,
   "VQLClientAction": {
    "query_id": 8,
    "total_queries": 14,
    "precondition": "SELECT OS From info() where OS = 'darwin'",
    "env": [
     {
      "key": "Query",
      "value": "SELECT * FROM osquery_info"
     },
     {
      "key": "Tool_OSQueryDarwin_HASH",
      "value": "955cf754fa768cc077590a84bdd29d186d7c569ac368ad8a97299841fcfc70a8"
     },
     {
      "key": "Tool_OSQueryDarwin_FILENAME"
     }
    ],
    "Query": [
     {
      "VQL": "LET precondition_MacOS_OSQuery_Generic_0 = SELECT OS From info() where OS = 'darwin'"
     },
     {
      "VQL": "LET binary \u003c= SELECT OSPath FROM Artifact.Generic.Utils.FetchBinary(ToolName=\"OSQueryDarwin\")"
     },
     {
      "VQL": "LET result = SELECT * FROM execve(argv=[binary[0].OSPath, \"--json\", Query], length=1000000)"
     },
     {
      "VQL": "LET MacOS_OSQuery_Generic_0_2 = SELECT * FROM foreach(row=result, query={ SELECT * FROM parse_json_array(data=Stdout) })"
     },
     {
      "Name": "MacOS.OSQuery.Generic",
      "VQL": "SELECT * FROM if(then=MacOS_OSQuery_Generic_0_2, condition=precondition_MacOS_OSQuery_Generic_0, else={SELECT * FROM scope() WHERE log(message='Query skipped due to precondition') AND FALSE})"
     }
    ],
    "max_row": 1000,
    "artifacts": [
     {
      "name": "Generic.Utils.FetchBinary",
      "parameters": [
       {
        "name": "SleepDuration",
        "default": "0",
        "type": "int"
       },
       {
        "name": "ToolName"
       },
       {
        "name": "ToolInfo"
       },
       {
        "name": "TemporaryOnly",
        "type": "bool"
       },
       {
        "name": "Version"
       },
       {
        "name": "IsExecutable",
        "default": "Y",
        "type": "bool"
       }
      ],
      "type": "client",
      "sources": [
       {
        "queries": [
         "LET RequiredTool \u003c= ToolName",
         "LET S = scope()",
         "LET matching_tools \u003c= SELECT ToolName, Filename FROM parse_csv(filename=\"/uploads/inventory.csv\", accessor=\"me\") WHERE RequiredTool = ToolName",
         "LET get_ext(filename) = parse_string_with_regex(regex=\"(\\\\.[a-z0-9]+)$\", string=filename).g1",
         "LET FullPath \u003c= if(condition=matching_tools, then=copy(filename=matching_tools[0].Filename, accessor=\"me\", dest=tempfile(extension=get_ext(filename=matching_tools[0].Filename), remove_last=TRUE, permissions=if(condition=IsExecutable, then=\"x\"))))",
         "SELECT FullPath, FullPath AS OSPath, Filename AS Name FROM matching_tools"
        ]
       }
      ]
     }
    ]
   }
  },
  {
   "session_id": "F.CUKPO6TQDHTC2",
   "request_id": 9,
   "VQLClientAction": {
    "query_id": 9,
    "total_queries": 14,
    "env": [
     {
      "key": "HistoryGlob",
      "value": "/Users/*/.*_history"
     },
     {
      "key": "SessionsGlob",
      "value": "/Users/*/.{bash,zsh}_sessions/*.history"
     },
     {
      "key": "SearchRegex",
      "value": "."
     },
     {
      "key": "WhitelistRegex"
     }
    ],
    "Query": [
     {
      "VQL": "LET MacOS_Sys_BashHistory_History_0_0 = SELECT * FROM Artifact.Linux.Sys.BashHistory(TargetGlob=HistoryGlob, SearchRegex=SearchRegex, WhitelistRegex=WhitelistRegex)"
     },
     {
      "Name": "MacOS.Sys.BashHistory/History",
      "VQL": "SELECT * FROM MacOS_Sys_BashHistory_History_0_0"
     },
     {
      "VQL": "LET files = SELECT FullPath, Btime FROM glob(globs=SessionsGlob)"
     },
     {
      "VQL": "LET MacOS_Sys_BashHistory_Sessions_1_1 = SELECT * FROM foreach(row=files, query={ SELECT Line, { SELECT Btime FROM glob(globs=FullPath + 'new') } AS SessionStarted, Btime AS SessionEnded, timestamp(string=grok(data=read_file(filename=split(string=FullPath, sep='''\\.history''')[0] + '.session'), grok='''echo Restored session: \"\\$\\(/bin/date -r %{DATA:date}\\)\"''').date) AS SessionResumed, FullPath FROM parse_lines(filename=FullPath) WHERE Line =~ SearchRegex  AND NOT if(condition=WhitelistRegex, then=Line =~ WhitelistRegex, else=FALSE) })"
     },
     {
      "Name": "MacOS.Sys.BashHistory/Sessions",
      "VQL": "SELECT * FROM MacOS_Sys_BashHistory_Sessions_1_1"
     }
    ],
    "max_row": 1000,
    "artifacts": [
     {
      "name": "Linux.Sys.BashHistory",
      "parameters": [
       {
        "name": "TargetGlob",
        "default": "/{root,home/*}/.*_history"
       },
       {
        "name": "SearchRegex",
        "default": ".",
        "type": "regex"
       },
       {
        "name": "WhitelistRegex",
        "type": "regex"
       }
      ],
      "type": "client",
      "sources": [
       {
        "queries": [
         "LET files = SELECT OSPath FROM glob(globs=TargetGlob)",
         "SELECT * FROM foreach(row=files, query={ SELECT Line, OSPath FROM parse_lines(filename=OSPath) WHERE Line =~ SearchRegex  AND NOT if(condition=WhitelistRegex, then=Line =~ WhitelistRegex, else=FALSE) })"
        ]
       }
      ]
     }
    ]
   }
  },
  {
   "session_id": "F.CUKPO6TQDHTC2",
   "request_id": 10,
   "VQLClientAction": {
    "query_id": 10,
    "total_queries": 14,
    "precondition": "SELECT OS From info() where OS =~ 'linux|darwin'\n",
    "env": [
     {
      "key": "processRegex",
      "value": "."
     }
    ],
    "Query": [
     {
      "VQL": "LET precondition_MacOS_Sys_Pslist_0 = SELECT OS From info() where OS =~ 'linux|darwin'\n"
     },
     {
      "VQL": "LET MacOS_Sys_Pslist_0_0 = SELECT Pid, Ppid, Name, CommandLine, Exe, hash(path=Exe) AS Hash, Username, timestamp(epoch=CreateTime / 1000) AS CreatedTime, MemoryInfo.RSS AS RSS, Exe =~ \"\\\\(deleted\\\\)$\" AS Deleted FROM process_tracker_pslist() WHERE Name =~ processRegex"
     },
     {
      "Name": "MacOS.Sys.Pslist",
      "VQL": "SELECT * FROM if(then=MacOS_Sys_Pslist_0_0, condition=precondition_MacOS_Sys_Pslist_0, else={SELECT * FROM scope() WHERE log(message='Query skipped due to precondition') AND FALSE})"
     }
    ],
    "max_row": 1000
   }
  },
  {
   "session_id": "F.CUKPO6TQDHTC2",
   "request_id": 11,
   "VQLClientAction": {
    "query_id": 11,
    "total_queries": 14,
    "env": [
     {
      "key": "DockGlob",
      "value": "/Users/*/Library/Preferences/com.apple.dock.plist"
     }
    ],
    "Query": [
     {
      "VQL": "LET MacOS_System_Dock_0_0 = SELECT * FROM foreach(row={ SELECT OSPath FROM glob(globs=DockGlob) }, query={ SELECT OSPath, GUID, get(member=\"tile-data.file-label\") AS FileLabel, get(member=\"tile-data.file-data._CFURLString\") AS AppLocation, timestamp(mactime=get(member=\"tile-data.file-mod-date\")) AS FileModDate, timestamp(mactime=get(member=\"tile-data.parent-mod-date\")) AS ParentModDate, get(member=\"tile-data.bundle-identifier\") AS BundleIdentifier, get(member=\"tile-data.dock-extra\") AS DockExtra, base64encode(string=get(member=\"tile-data.book\")) AS Book FROM foreach(row=plist(file=OSPath).`persistent-apps`) })"
     },
     {
      "Name": "MacOS.System.Dock",
      "VQL": "SELECT * FROM MacOS_System_Dock_0_0"
     }
    ],
    "max_row": 1000
   }
  },
  {
   "session_id": "F.CUKPO6TQDHTC2",
   "request_id": 12,
   "VQLClientAction": {
    "query_id": 12,
    "total_queries": 14,
    "precondition": "SELECT OS From info() where OS = 'darwin'\n",
    "env": [
     {
      "key": "Length",
      "value": "100000000"
     }
    ],
    "Query": [
     {
      "VQL": "LET Length \u003c= int(int=Length)"
     },
     {
      "VQL": "LET precondition_MacOS_System_Packages_0 = SELECT OS From info() where OS = 'darwin'\n"
     },
     {
      "VQL": "LET packages = SELECT parse_json(data=Stdout) AS Json FROM execve(argv=[\"system_profiler\", \"-json\", \"SPApplicationsDataType\"], length=Length)"
     },
     {
      "VQL": "LET MacOS_System_Packages_0_1 = SELECT _name AS Name, get(field=\"version\") AS Version, path AS Path, lastModified AS LastModified, obtained_from AS ObtainedFrom, get(field=\"signed_by\") AS SignedBy, arch_kind AS _Architecture FROM foreach(row=packages[0].Json.SPApplicationsDataType)"
     },
     {
      "Name": "MacOS.System.Packages",
      "VQL": "SELECT * FROM if(then=MacOS_System_Packages_0_1, condition=precondition_MacOS_System_Packages_0, else={SELECT * FROM scope() WHERE log(message='Query skipped due to precondition') AND FALSE})"
     }
    ],
    "max_row": 1000
   }
  },
  {
   "session_id": "F.CUKPO6TQDHTC2",
   "request_id": 13,
   "VQLClientAction": {
    "query_id": 13,
    "total_queries": 14,
    "precondition": "\nSELECT OS From info() where OS = 'darwin'\n",
    "env": [
     {
      "key": "QuarantineGlob",
      "value": "/Users/*/Library/Preferences/com.apple.LaunchServices.QuarantineEventsV2"
     }
    ],
    "Query": [
     {
      "VQL": "LET precondition_MacOS_System_QuarantineEvents_0 = \nSELECT OS From info() where OS = 'darwin'\n"
     },
     {
      "VQL": "LET QList = SELECT OSPath FROM glob(globs=QuarantineGlob)"
     },
     {
      "VQL": "LET QEvents = SELECT * FROM sqlite(file=OSPath, query=\"SELECT * from LSQuarantineEvent\")"
     },
     {
      "VQL": "LET QEventsDetails = SELECT * FROM foreach(row=QEvents, query={ SELECT timestamp(epoch=LSQuarantineTimeStamp + 978307200) AS DownloadTime, LSQuarantineDataURLString AS DownloadURL, LSQuarantineOriginURLString AS Origin, LSQuarantineAgentName AS AgentName, LSQuarantineAgentBundleIdentifier AS AgentBundle, split(string=OSPath, sep='/')[2] AS User, LSQuarantineEventIdentifier AS EventUUID FROM scope() })"
     },
     {
      "VQL": "LET MacOS_System_QuarantineEvents_0_3 = SELECT * FROM foreach(row=QList, query=QEventsDetails)"
     },
     {
      "Name": "MacOS.System.QuarantineEvents",
      "VQL": "SELECT * FROM if(then=MacOS_System_QuarantineEvents_0_3, condition=precondition_MacOS_System_QuarantineEvents_0, else={SELECT * FROM scope() WHERE log(message='Query skipped due to precondition') AND FALSE})"
     }
    ],
    "max_row": 1000
   }
  },
  {
   "session_id": "F.CUKPO6TQDHTC2",
   "request_id": 14,
   "VQLClientAction": {
    "query_id": 14,
    "total_queries": 14,
    "env": [
     {
      "key": "UserPlistGlob",
      "value": "/private/var/db/dslocal/nodes/Default/users/*.plist"
     },
     {
      "key": "OnlyShowRealUsers",
      "value": "Y"
     }
    ],
    "Query": [
     {
      "VQL": "LET OnlyShowRealUsers \u003c= get(field='OnlyShowRealUsers') = TRUE OR get(field='OnlyShowRealUsers') =~ '^(Y|TRUE|YES|OK)$' "
     },
     {
      "VQL": "LET user_plist = SELECT OSPath FROM glob(globs=UserPlistGlob)"
     },
     {
      "VQL": "LET UserDetails(OSPath) = SELECT get(member=\"name.0\", default=\"\") AS Name, get(member=\"realname.0\", default=\"\") AS RealName, get(member=\"shell.0\", default=\"\") AS UserShell, get(member=\"home.0\", default=\"\") AS HomeDir, if(condition=LinkedIdentity, then=plist(file=LinkedIdentity[0], accessor='data')) AS AppleId, if(condition=accountPolicyData, then=plist(file=accountPolicyData[0], accessor='data')) AS AccountPolicyData FROM plist(file=OSPath)"
     },
     {
      "VQL": "LET MacOS_System_Users_0_2 = SELECT Name, RealName, UserShell, HomeDir, get(item=AppleId, field=\"appleid.apple.com\") AS AppleId, timestamp(epoch=AccountPolicyData.creationTime) AS CreationTime, AccountPolicyData.failedLoginCount AS FailedLoginCount, timestamp(epoch=AccountPolicyData.failedLoginTimestamp) AS FailedLoginTimestamp, timestamp(epoch=AccountPolicyData.passwordLastSetTime) AS PasswordLastSetTime FROM foreach(row=user_plist, query={ SELECT * FROM UserDetails(OSPath=OSPath) }) WHERE NOT OnlyShowRealUsers OR NOT UserShell =~ 'false'"
     },
     {
      "Name": "MacOS.System.Users",
      "VQL": "SELECT * FROM MacOS_System_Users_0_2"
     }
    ],
    "max_row": 1000
   }
  }
 ]
}