{"Line":"csrutil --status","OSPath":"/Users/michaeltan/.zsh_history","_Source":"Linux.Sys.BashHistory"}
{"Line":"csrutil status","OSPath":"/Users/michaeltan/.zsh_history","_Source":"Linux.Sys.BashHistory"}
{"Line":"ls","OSPath":"/Users/michaeltan/.zsh_history","_Source":"Linux.Sys.BashHistory"}
{"Line":"git","OSPath":"/Users/michaeltan/.zsh_history","_Source":"Linux.Sys.BashHistory"}
{"Line":"./ProcessMonitor.app/Contents/MacOS/ProcessMonitor","OSPath":"/Users/michaeltan/.zsh_history","_Source":"Linux.Sys.BashHistory"}
{"Line":"sudo ./ProcessMonitor.app/Contents/MacOS/ProcessMonitor","OSPath":"/Users/michaeltan/.zsh_history","_Source":"Linux.Sys.BashHistory"}
{"Line":"cd Downloads/","OSPath":"/Users/michaeltan/.zsh_history","_Source":"Linux.Sys.BashHistory"}
{"Line":"git clone https://github.com/zixuantemp/VelociraptorClient.git","OSPath":"/Users/michaeltan/.zsh_history","_Source":"Linux.Sys.BashHistory"}
{"Line":"cd VelociraptorClient","OSPath":"/Users/michaeltan/.zsh_history","_Source":"Linux.Sys.BashHistory"}
{"Line":"chmod +x clone_and_run","OSPath":"/Users/michaeltan/.zsh_history","_Source":"Linux.Sys.BashHistory"}
{"Line":"sudo clone_and_run","OSPath":"/Users/michaeltan/.zsh_history","_Source":"Linux.Sys.BashHistory"}
{"Line":"sudo ./clone_and_run","OSPath":"/Users/michaeltan/.zsh_history","_Source":"Linux.Sys.BashHistory"}
{"Line":"ls","OSPath":"/Users/michaeltan/.zsh_history","_Source":"Linux.Sys.BashHistory"}
{"Line":"sudo ./upload.sh Collection-michaeltans-Mac_local-2025-02-10T06_26_35Z.zip","OSPath":"/Users/michaeltan/.zsh_history","_Source":"Linux.Sys.BashHistory"}
{"Line":"clear","OSPath":"/Users/michaeltan/.zsh_history","_Source":"Linux.Sys.BashHistory"}
{"Line":"cd ~/Downloads","OSPath":"/Users/michaeltan/.zsh_history","_Source":"Linux.Sys.BashHistory"}
{"Line":"ls","OSPath":"/Users/michaeltan/.zsh_history","_Source":"Linux.Sys.BashHistory"}
{"Line":"chmod +x ff710601bbe6bd33ac9afcab60bbadcef593a647a1965622d2cfc0ef0e584260","OSPath":"/Users/michaeltan/.zsh_history","_Source":"Linux.Sys.BashHistory"}
{"Line":"./ff710601bbe6bd33ac9afcab60bbadcef593a647a1965622d2cfc0ef0e584260","OSPath":"/Users/michaeltan/.zsh_history","_Source":"Linux.Sys.BashHistory"}
{"Line":"xaatr -d com.apple.quarantine ff710601bbe6bd33ac9afcab60bbadcef593a647a1965622d2cfc0ef0e584260","OSPath":"/Users/michaeltan/.zsh_history","_Source":"Linux.Sys.BashHistory"}
{"Line":"sudo xaatr -d com.apple.quarantine ff710601bbe6bd33ac9afcab60bbadcef593a647a1965622d2cfc0ef0e584260","OSPath":"/Users/michaeltan/.zsh_history","_Source":"Linux.Sys.BashHistory"}
{"Line":"csrutil statua","OSPath":"/Users/michaeltan/.zsh_history","_Source":"Linux.Sys.BashHistory"}
{"Line":"csrutil status","OSPath":"/Users/michaeltan/.zsh_history","_Source":"Linux.Sys.BashHistory"}
{"Line":"clear","OSPath":"/Users/michaeltan/.zsh_history","_Source":"Linux.Sys.BashHistory"}
{"Line":"sudo ./ff710601bbe6bd33ac9afcab60bbadcef593a647a1965622d2cfc0ef0e584260","OSPath":"/Users/michaeltan/.zsh_history","_Source":"Linux.Sys.BashHistory"}
{"Line":"./ff710601bbe6bd33ac9afcab60bbadcef593a647a1965622d2cfc0ef0e584260","OSPath":"/Users/michaeltan/.zsh_history","_Source":"Linux.Sys.BashHistory"}
{"Line":"xaatr","OSPath":"/Users/michaeltan/.zsh_history","_Source":"Linux.Sys.BashHistory"}
{"Line":"cd VelociraptorClient","OSPath":"/Users/michaeltan/.zsh_history","_Source":"Linux.Sys.BashHistory"}
{"Line":"chmod +x velociraptor-v0.73-darwin-amd64","OSPath":"/Users/michaeltan/.zsh_history","_Source":"Linux.Sys.BashHistory"}
{"Line":"chmod +x velociraptor-v0.73.1-darwin-amd64","OSPath":"/Users/michaeltan/.zsh_history","_Source":"Linux.Sys.BashHistory"}
{"Line":"./velociraptor-v0.73.1-darwin-amd64","OSPath":"/Users/michaeltan/.zsh_history","_Source":"Linux.Sys.BashHistory"}
{"Line":"./velociraptor-v0.73.1-darwin-amd64 -h","OSPath":"/Users/michaeltan/.zsh_history","_Source":"Linux.Sys.BashHistory"}
{"Line":"clear","OSPath":"/Users/michaeltan/.zsh_history","_Source":"Linux.Sys.BashHistory"}
{"Line":"cd ","OSPath":"/Users/michaeltan/.zsh_history","_Source":"Linux.Sys.BashHistory"}
{"Line":"~/Downloads","OSPath":"/Users/michaeltan/.zsh_history","_Source":"Linux.Sys.BashHistory"}
{"Line":"sudo cd ~/Downloads","OSPath":"/Users/michaeltan/.zsh_history","_Source":"Linux.Sys.BashHistory"}
{"Line":"/Volumes/setup/setup ; exit;","OSPath":"/Users/michaeltan/.zsh_history","_Source":"Linux.Sys.BashHistory"}
{"Line":"/Volumes/setup/setup ; exit;","OSPath":"/Users/michaeltan/.zsh_history","_Source":"Linux.Sys.BashHistory"}
