{"OSPath":"/private/etc/rc.common","Mtime":"2024-02-02T17:19:31Z","Upload":{"Path":"/private/etc/rc.common","Size":1560,"StoredSize":1560,"sha256":"768ff09154f6aacda857cb175ef29cf9d23ef9c38c69efdbf20354dbfd7875b1","md5":"28ce428faefe6168618867f3ff5527f9","StoredName":"/uploads/auto/private/etc/rc.common","Components":["uploads","auto","private","etc","rc.common"]}}
{"OSPath":"/private/etc/periodic/daily/999.local","Mtime":"2024-02-02T17:19:31Z","Upload":{"Path":"/private/etc/periodic/daily/999.local","Size":712,"StoredSize":712,"sha256":"94139c5762d820ac8a6d567ca5a5e9753af95e1c8560f23e65bc169be11f4042","md5":"0516c2cbf1255d9547da29cdd78a5d88","StoredName":"/uploads/auto/private/etc/periodic/daily/999.local","Components":["uploads","auto","private","etc","periodic","daily","999.local"]}}
{"OSPath":"/private/etc/periodic/monthly/999.local","Mtime":"2024-02-02T17:19:31Z","Upload":{"Path":"/private/etc/periodic/monthly/999.local","Size":606,"StoredSize":606,"sha256":"69f2f70c4d02fe6a0d4ecc99b8cfb676090aae0435c74eb45b2d79c72cb39a09","md5":"c63e8e9d3ac93dd923dc9555f0237d17","StoredName":"/uploads/auto/private/etc/periodic/monthly/999.local","Components":["uploads","auto","private","etc","periodic","monthly","999.local"]}}
{"OSPath":"/private/etc/periodic/weekly/999.local","Mtime":"2024-02-02T17:19:31Z","Upload":{"Path":"/private/etc/periodic/weekly/999.local","Size":620,"StoredSize":620,"sha256":"7ba16d87de833e0b81898b544f981cd8b7dedcb8e9ad285bd954af560e089816","md5":"c53d2a36e6b70a5e6e22508d9b50a85a","StoredName":"/uploads/auto/private/etc/periodic/weekly/999.local","Components":["uploads","auto","private","etc","periodic","weekly","999.local"]}}
