{"Timestamp":"2025-02-07T09:01:34Z","FirstTimestamp":"2025-02-07 08:59:28","LiveUsageTimestamp":"2025-02-07 08:59:28","BundleID":"com.apple.amsaccountsd","ProcessName":"com.apple.amsaccountsd","WifiIn":0,"WifiOut":0,"WiredIn":145325,"WiredOut":33024,"_XIn":0,"_XOut":0,"LiveUsageTableID":1}
{"Timestamp":"2025-02-10T07:10:15Z","FirstTimestamp":"2025-02-07 08:59:29","LiveUsageTimestamp":"2025-02-07 08:59:29","BundleID":"com.apple.apsd","ProcessName":"com.apple.apsd","WifiIn":0,"WifiOut":0,"WiredIn":17358,"WiredOut":21523,"_XIn":0,"_XOut":0,"LiveUsageTableID":2}
{"Timestamp":"2025-02-07T09:05:10Z","FirstTimestamp":"2025-02-07 08:59:30","LiveUsageTimestamp":"2025-02-07 08:59:30","BundleID":"com.apple.transparencyd","ProcessName":"com.apple.transparencyd","WifiIn":0,"WifiOut":0,"WiredIn":17549,"WiredOut":3365,"_XIn":0,"_XOut":0,"LiveUsageTableID":3}
{"Timestamp":"2025-02-10T06:43:44Z","FirstTimestamp":"2025-02-07 08:59:30","LiveUsageTimestamp":"2025-02-07 08:59:30","BundleID":"com.apple.mobileassetd","ProcessName":"com.apple.mobileassetd","WifiIn":0,"WifiOut":0,"WiredIn":14632668997,"WiredOut":87811889,"_XIn":0,"_XOut":0,"LiveUsageTableID":4}
{"Timestamp":"2025-02-10T06:18:16Z","FirstTimestamp":"2025-02-07 08:59:34","LiveUsageTimestamp":"2025-02-07 08:59:34","BundleID":"com.apple.AssetCacheLocatorService","ProcessName":"com.apple.AssetCacheLocatorService","WifiIn":0,"WifiOut":0,"WiredIn":20958,"WiredOut":7100,"_XIn":0,"_XOut":0,"LiveUsageTableID":5}
{"Timestamp":"2025-02-10T06:18:10Z","FirstTimestamp":"2025-02-07 08:59:34","LiveUsageTimestamp":"2025-02-07 08:59:34","BundleID":"com.apple.ap.promotedcontentd","ProcessName":"com.apple.ap.promotedcontentd","WifiIn":0,"WifiOut":0,"WiredIn":123434,"WiredOut":18536,"_XIn":0,"_XOut":0,"LiveUsageTableID":6}
{"Timestamp":"2025-02-07T08:59:46Z","FirstTimestamp":"2025-02-07 08:59:36","LiveUsageTimestamp":"2025-02-07 08:59:36","BundleID":"com.apple.trustd","ProcessName":"com.apple.trustd","WifiIn":0,"WifiOut":0,"WiredIn":1112,"WiredOut":483,"_XIn":0,"_XOut":0,"LiveUsageTableID":7}
{"Timestamp":"2025-02-10T07:10:34Z","FirstTimestamp":"2025-02-07 08:59:36","LiveUsageTimestamp":"2025-02-07 08:59:36","BundleID":"com.apple.softwareupdated","ProcessName":"com.apple.softwareupdated","WifiIn":0,"WifiOut":0,"WiredIn":247742522,"WiredOut":1745816,"_XIn":0,"_XOut":0,"LiveUsageTableID":8}
{"Timestamp":"2025-02-07T09:01:10Z","FirstTimestamp":"2025-02-07 08:59:36","LiveUsageTimestamp":"2025-02-07 08:59:36","BundleID":"com.apple.familycircled","ProcessName":"com.apple.familycircled","WifiIn":0,"WifiOut":0,"WiredIn":33715,"WiredOut":7479,"_XIn":0,"_XOut":0,"LiveUsageTableID":9}
{"Timestamp":"2025-02-10T06:28:00Z","FirstTimestamp":"2025-02-07 08:59:36","LiveUsageTimestamp":"2025-02-07 08:59:36","BundleID":null,"ProcessName":"com.apple.geod","WifiIn":0,"WifiOut":0,"WiredIn":251994,"WiredOut":29324,"_XIn":0,"_XOut":0,"LiveUsageTableID":10}
{"Timestamp":"2025-02-10T07:20:05Z","FirstTimestamp":"2025-02-07 08:59:46","LiveUsageTimestamp":"2025-02-07 08:59:46","BundleID":"com.apple.mDNSResponder.reloaded","ProcessName":"com.apple.mDNSResponder.reloaded","WifiIn":0,"WifiOut":0,"WiredIn":39831,"WiredOut":37794,"_XIn":0,"_XOut":0,"LiveUsageTableID":11}
{"Timestamp":"2025-02-07T09:00:04Z","FirstTimestamp":"2025-02-07 08:59:47","LiveUsageTimestamp":"2025-02-07 08:59:47","BundleID":"com.apple.akd","ProcessName":"com.apple.akd","WifiIn":0,"WifiOut":0,"WiredIn":126683,"WiredOut":8943,"_XIn":0,"_XOut":0,"LiveUsageTableID":12}
{"Timestamp":"2025-02-07T08:59:49Z","FirstTimestamp":"2025-02-07 08:59:48","LiveUsageTimestamp":"2025-02-07 08:59:48","BundleID":"com.apple.icloud.searchpartyuseragent","ProcessName":"com.apple.icloud.searchpartyuseragent","WifiIn":0,"WifiOut":0,"WiredIn":28590,"WiredOut":8442,"_XIn":0,"_XOut":0,"LiveUsageTableID":13}
{"Timestamp":"2025-02-07T08:59:48Z","FirstTimestamp":"2025-02-07 08:59:48","LiveUsageTimestamp":"2025-02-07 08:59:48","BundleID":"com.apple.CrashReporterSupportHelper","ProcessName":"com.apple.CrashReporterSupportHelper","WifiIn":0,"WifiOut":0,"WiredIn":276,"WiredOut":138,"_XIn":0,"_XOut":0,"LiveUsageTableID":14}
{"Timestamp":"2025-02-07T09:01:10Z","FirstTimestamp":"2025-02-07 08:59:49","LiveUsageTimestamp":"2025-02-07 08:59:49","BundleID":"com.apple.iCloudNotificationAgent","ProcessName":"com.apple.iCloudNotificationAgent","WifiIn":0,"WifiOut":0,"WiredIn":49998,"WiredOut":7601,"_XIn":0,"_XOut":0,"LiveUsageTableID":15}
{"Timestamp":"2025-02-10T07:10:15Z","FirstTimestamp":"2025-02-07 08:59:49","LiveUsageTimestamp":"2025-02-07 08:59:49","BundleID":"com.apple.netbiosd","ProcessName":"com.apple.netbiosd","WifiIn":0,"WifiOut":0,"WiredIn":3458,"WiredOut":1567,"_XIn":0,"_XOut":0,"LiveUsageTableID":16}
{"Timestamp":"2025-02-10T06:15:32Z","FirstTimestamp":"2025-02-07 08:59:50","LiveUsageTimestamp":"2025-02-07 08:59:50","BundleID":"com.apple.passd","ProcessName":"com.apple.passd","WifiIn":0,"WifiOut":0,"WiredIn":658056,"WiredOut":16596,"_XIn":0,"_XOut":0,"LiveUsageTableID":17}
{"Timestamp":"2025-02-10T07:18:30Z","FirstTimestamp":"2025-02-07 09:01:10","LiveUsageTimestamp":"2025-02-07 09:01:10","BundleID":"com.apple.weather","ProcessName":"com.apple.weather.widget","WifiIn":0,"WifiOut":0,"WiredIn":170332,"WiredOut":32504,"_XIn":0,"_XOut":0,"LiveUsageTableID":18}
{"Timestamp":"2025-02-10T06:24:47Z","FirstTimestamp":"2025-02-07 09:01:10","LiveUsageTimestamp":"2025-02-07 09:01:10","BundleID":"com.apple.configd","ProcessName":"com.apple.configd","WifiIn":0,"WifiOut":0,"WiredIn":624,"WiredOut":550,"_XIn":0,"_XOut":0,"LiveUsageTableID":19}
{"Timestamp":"2025-02-10T06:48:57Z","FirstTimestamp":"2025-02-07 09:01:57","LiveUsageTimestamp":"2025-02-07 09:01:57","BundleID":"com.apple.itunescloudd","ProcessName":"com.apple.itunescloudd","WifiIn":0,"WifiOut":0,"WiredIn":39057,"WiredOut":2715,"_XIn":0,"_XOut":0,"LiveUsageTableID":20}
{"Timestamp":"2025-02-10T07:08:18Z","FirstTimestamp":"2025-02-07 09:01:58","LiveUsageTimestamp":"2025-02-07 09:01:58","BundleID":"com.apple.networkserviceproxy","ProcessName":"com.apple.networkserviceproxy","WifiIn":0,"WifiOut":0,"WiredIn":41437,"WiredOut":62233,"_XIn":0,"_XOut":0,"LiveUsageTableID":21}
{"Timestamp":"2025-02-07T09:04:59Z","FirstTimestamp":"2025-02-07 09:04:59","LiveUsageTimestamp":"2025-02-07 09:04:59","BundleID":"com.apple.SetupAssistant","ProcessName":"com.apple.SetupAssistant","WifiIn":0,"WifiOut":0,"WiredIn":189,"WiredOut":59,"_XIn":0,"_XOut":0,"LiveUsageTableID":22}
{"Timestamp":"2025-02-10T07:18:29Z","FirstTimestamp":"2025-02-07 09:05:10","LiveUsageTimestamp":"2025-02-07 09:05:10","BundleID":"com.apple.security.syspolicy","ProcessName":"com.apple.security.syspolicy","WifiIn":0,"WifiOut":0,"WiredIn":83529,"WiredOut":24421,"_XIn":0,"_XOut":0,"LiveUsageTableID":23}
{"Timestamp":"2025-02-10T07:19:28Z","FirstTimestamp":"2025-02-10 06:15:30","LiveUsageTimestamp":"2025-02-10 06:15:30","BundleID":"com.apple.Safari","ProcessName":"com.apple.Safari","WifiIn":0,"WifiOut":0,"WiredIn":12526067,"WiredOut":1000051,"_XIn":0,"_XOut":0,"LiveUsageTableID":24}
{"Timestamp":"2025-02-10T06:15:32Z","FirstTimestamp":"2025-02-10 06:15:30","LiveUsageTimestamp":"2025-02-10 06:15:30","BundleID":"com.apple.Safari.PasswordBreachAgent","ProcessName":"com.apple.Safari.PasswordBreachAgent","WifiIn":0,"WifiOut":0,"WiredIn":10489,"WiredOut":2611,"_XIn":0,"_XOut":0,"LiveUsageTableID":25}
{"Timestamp":"2025-02-10T06:51:59Z","FirstTimestamp":"2025-02-10 06:15:30","LiveUsageTimestamp":"2025-02-10 06:15:30","BundleID":"com.apple.SubmitDiagInfo","ProcessName":"com.apple.SubmitDiagInfo","WifiIn":0,"WifiOut":0,"WiredIn":364147,"WiredOut":48033,"_XIn":0,"_XOut":0,"LiveUsageTableID":26}
{"Timestamp":"2025-02-10T06:22:18Z","FirstTimestamp":"2025-02-10 06:15:31","LiveUsageTimestamp":"2025-02-10 06:15:31","BundleID":"com.apple.amsengagementd","ProcessName":"com.apple.amsengagementd","WifiIn":0,"WifiOut":0,"WiredIn":168891,"WiredOut":16728,"_XIn":0,"_XOut":0,"LiveUsageTableID":27}
{"Timestamp":"2025-02-10T07:06:53Z","FirstTimestamp":"2025-02-10 06:15:32","LiveUsageTimestamp":"2025-02-10 06:15:32","BundleID":"com.apple.Safari.SafeBrowsing.Service","ProcessName":"com.apple.Safari.SafeBrowsing.Service","WifiIn":0,"WifiOut":0,"WiredIn":17956022,"WiredOut":133537,"_XIn":0,"_XOut":0,"LiveUsageTableID":28}
{"Timestamp":"2025-02-10T06:15:33Z","FirstTimestamp":"2025-02-10 06:15:32","LiveUsageTimestamp":"2025-02-10 06:15:32","BundleID":"com.apple.appstoreagent","ProcessName":"com.apple.appstoreagent","WifiIn":0,"WifiOut":0,"WiredIn":34848,"WiredOut":8337,"_XIn":0,"_XOut":0,"LiveUsageTableID":29}
{"Timestamp":"2025-02-10T06:22:35Z","FirstTimestamp":"2025-02-10 06:15:40","LiveUsageTimestamp":"2025-02-10 06:15:40","BundleID":"com.apple.cloudd","ProcessName":"com.apple.cloudd","WifiIn":0,"WifiOut":0,"WiredIn":1482619,"WiredOut":65144,"_XIn":0,"_XOut":0,"LiveUsageTableID":30}
{"Timestamp":"2025-02-10T06:16:18Z","FirstTimestamp":"2025-02-10 06:16:09","LiveUsageTimestamp":"2025-02-10 06:16:09","BundleID":"com.apple.iCal","ProcessName":"com.apple.iCal","WifiIn":0,"WifiOut":0,"WiredIn":32103,"WiredOut":5563,"_XIn":0,"_XOut":0,"LiveUsageTableID":31}
{"Timestamp":"2025-02-10T06:17:12Z","FirstTimestamp":"2025-02-10 06:16:10","LiveUsageTimestamp":"2025-02-10 06:16:10","BundleID":"com.apple.reminders","ProcessName":"com.apple.reminders","WifiIn":0,"WifiOut":0,"WiredIn":24091,"WiredOut":3165,"_XIn":0,"_XOut":0,"LiveUsageTableID":32}
{"Timestamp":"2025-02-10T06:18:06Z","FirstTimestamp":"2025-02-10 06:16:11","LiveUsageTimestamp":"2025-02-10 06:16:11","BundleID":"com.apple.dataaccess.dataaccessd","ProcessName":"com.apple.dataaccess.dataaccessd","WifiIn":0,"WifiOut":0,"WiredIn":7545,"WiredOut":2347,"_XIn":0,"_XOut":0,"LiveUsageTableID":33}
{"Timestamp":"2025-02-10T06:30:08Z","FirstTimestamp":"2025-02-10 06:16:15","LiveUsageTimestamp":"2025-02-10 06:16:15","BundleID":"com.apple.triald","ProcessName":"com.apple.triald","WifiIn":0,"WifiOut":0,"WiredIn":690052,"WiredOut":96317,"_XIn":0,"_XOut":0,"LiveUsageTableID":34}
{"Timestamp":"2025-02-10T07:03:27Z","FirstTimestamp":"2025-02-10 06:16:25","LiveUsageTimestamp":"2025-02-10 06:16:25","BundleID":"com.apple.helpd","ProcessName":"com.apple.helpd","WifiIn":0,"WifiOut":0,"WiredIn":4199591,"WiredOut":131436,"_XIn":0,"_XOut":0,"LiveUsageTableID":35}
{"Timestamp":"2025-02-10T06:18:00Z","FirstTimestamp":"2025-02-10 06:16:58","LiveUsageTimestamp":"2025-02-10 06:16:58","BundleID":"com.apple.ap.adprivacyd","ProcessName":"com.apple.ap.adprivacyd","WifiIn":0,"WifiOut":0,"WiredIn":36446,"WiredOut":12624,"_XIn":0,"_XOut":0,"LiveUsageTableID":36}
{"Timestamp":"2025-02-10T06:45:35Z","FirstTimestamp":"2025-02-10 06:18:11","LiveUsageTimestamp":"2025-02-10 06:18:11","BundleID":"com.apple.nsurlsessiond_privileged","ProcessName":"com.apple.nsurlsessiond_privileged","WifiIn":0,"WifiOut":0,"WiredIn":46916,"WiredOut":10454,"_XIn":0,"_XOut":0,"LiveUsageTableID":37}
{"Timestamp":"2025-02-10T06:20:16Z","FirstTimestamp":"2025-02-10 06:18:12","LiveUsageTimestamp":"2025-02-10 06:18:12","BundleID":"com.apple.rtcreportingd","ProcessName":"com.apple.rtcreportingd","WifiIn":0,"WifiOut":0,"WiredIn":152594,"WiredOut":37232,"_XIn":0,"_XOut":0,"LiveUsageTableID":38}
{"Timestamp":"2025-02-10T07:17:07Z","FirstTimestamp":"2025-02-10 06:18:16","LiveUsageTimestamp":"2025-02-10 06:18:16","BundleID":null,"ProcessName":"com.apple.parsecd","WifiIn":0,"WifiOut":0,"WiredIn":10112689,"WiredOut":129580,"_XIn":0,"_XOut":0,"LiveUsageTableID":39}
{"Timestamp":"2025-02-10T06:20:14Z","FirstTimestamp":"2025-02-10 06:18:17","LiveUsageTimestamp":"2025-02-10 06:18:17","BundleID":"com.apple.tipsd","ProcessName":"com.apple.tipsd","WifiIn":0,"WifiOut":0,"WiredIn":8382,"WiredOut":2323,"_XIn":0,"_XOut":0,"LiveUsageTableID":40}
{"Timestamp":"2025-02-10T06:18:37Z","FirstTimestamp":"2025-02-10 06:18:24","LiveUsageTimestamp":"2025-02-10 06:18:24","BundleID":"com.apple.securityuploadd","ProcessName":"com.apple.securityuploadd","WifiIn":0,"WifiOut":0,"WiredIn":62145,"WiredOut":15774,"_XIn":0,"_XOut":0,"LiveUsageTableID":41}
{"Timestamp":"2025-02-10T06:52:01Z","FirstTimestamp":"2025-02-10 06:18:31","LiveUsageTimestamp":"2025-02-10 06:18:31","BundleID":"com.apple.parsec-fbf","ProcessName":"com.apple.parsec-fbf","WifiIn":0,"WifiOut":0,"WiredIn":66042,"WiredOut":64066,"_XIn":0,"_XOut":0,"LiveUsageTableID":42}
{"Timestamp":"2025-02-10T06:21:30Z","FirstTimestamp":"2025-02-10 06:18:40","LiveUsageTimestamp":"2025-02-10 06:18:40","BundleID":"com.apple.AppStore","ProcessName":"com.apple.AppStore","WifiIn":0,"WifiOut":0,"WiredIn":1267376,"WiredOut":39842,"_XIn":0,"_XOut":0,"LiveUsageTableID":43}
{"Timestamp":"2025-02-10T07:20:09Z","FirstTimestamp":"2025-02-10 06:22:29","LiveUsageTimestamp":"2025-02-10 06:22:29","BundleID":"com.apple.mobile.softwareupdated","ProcessName":"com.apple.mobile.softwareupdated","WifiIn":0,"WifiOut":0,"WiredIn":57885,"WiredOut":30535,"_XIn":0,"_XOut":0,"LiveUsageTableID":44}
{"Timestamp":"2025-02-10T06:44:10Z","FirstTimestamp":"2025-02-10 06:25:03","LiveUsageTimestamp":"2025-02-10 06:25:03","BundleID":"com.apple.Terminal","ProcessName":"com.apple.Terminal","WifiIn":0,"WifiOut":0,"WiredIn":32829747,"WiredOut":1042412,"_XIn":0,"_XOut":0,"LiveUsageTableID":45}
{"Timestamp":"2025-02-10T06:28:32Z","FirstTimestamp":"2025-02-10 06:26:35","LiveUsageTimestamp":"2025-02-10 06:26:35","BundleID":"com.apple.trustd.agent","ProcessName":"com.apple.trustd.agent","WifiIn":0,"WifiOut":0,"WiredIn":11797661,"WiredOut":75411,"_XIn":0,"_XOut":0,"LiveUsageTableID":46}
{"Timestamp":"2025-02-10T07:11:43Z","FirstTimestamp":"2025-02-10 06:28:35","LiveUsageTimestamp":"2025-02-10 06:28:35","BundleID":"com.apple.timed","ProcessName":"com.apple.timed","WifiIn":0,"WifiOut":0,"WiredIn":1095,"WiredOut":532,"_XIn":0,"_XOut":0,"LiveUsageTableID":47}
{"Timestamp":"2025-02-10T06:45:58Z","FirstTimestamp":"2025-02-10 06:43:58","LiveUsageTimestamp":"2025-02-10 06:43:58","BundleID":"com.apple.AMPLibraryAgent","ProcessName":"com.apple.AMPLibraryAgent","WifiIn":0,"WifiOut":0,"WiredIn":38312,"WiredOut":2835,"_XIn":0,"_XOut":0,"LiveUsageTableID":48}
{"Timestamp":"2025-02-10T06:54:51Z","FirstTimestamp":"2025-02-10 06:50:33","LiveUsageTimestamp":"2025-02-10 06:50:33","BundleID":"com.apple.taskgated-helper","ProcessName":"com.apple.taskgated-helper","WifiIn":0,"WifiOut":0,"WiredIn":14902,"WiredOut":5632,"_XIn":0,"_XOut":0,"LiveUsageTableID":49}
{"Timestamp":"2025-02-10T07:02:29Z","FirstTimestamp":"2025-02-10 07:02:24","LiveUsageTimestamp":"2025-02-10 07:02:24","BundleID":"com.apple.helpviewer","ProcessName":"com.apple.helpviewer","WifiIn":0,"WifiOut":0,"WiredIn":8728,"WiredOut":2223,"_XIn":0,"_XOut":0,"LiveUsageTableID":50}
