{"Line":"csrutil --status","SessionStarted":"2025-02-10T07:22:14.24010016Z","SessionEnded":"2025-02-10T07:21:07.654975013Z","SessionResumed":null,"FullPath":"/Users/michaeltan/.zsh_sessions/147A5329-408D-42EB-AABA-754C4A93DC8A.history"}
{"Line":"csrutil status","SessionStarted":"2025-02-10T07:22:14.24010016Z","SessionEnded":"2025-02-10T07:21:07.654975013Z","SessionResumed":null,"FullPath":"/Users/michaeltan/.zsh_sessions/147A5329-408D-42EB-AABA-754C4A93DC8A.history"}
{"Line":"ls","SessionStarted":"2025-02-10T07:22:14.24010016Z","SessionEnded":"2025-02-10T07:21:07.654975013Z","SessionResumed":null,"FullPath":"/Users/michaeltan/.zsh_sessions/147A5329-408D-42EB-AABA-754C4A93DC8A.history"}
{"Line":"git","SessionStarted":"2025-02-10T07:22:14.24010016Z","SessionEnded":"2025-02-10T07:21:07.654975013Z","SessionResumed":null,"FullPath":"/Users/michaeltan/.zsh_sessions/147A5329-408D-42EB-AABA-754C4A93DC8A.history"}
{"Line":"./ProcessMonitor.app/Contents/MacOS/ProcessMonitor","SessionStarted":"2025-02-10T07:22:14.24010016Z","SessionEnded":"2025-02-10T07:21:07.654975013Z","SessionResumed":null,"FullPath":"/Users/michaeltan/.zsh_sessions/147A5329-408D-42EB-AABA-754C4A93DC8A.history"}
{"Line":"sudo ./ProcessMonitor.app/Contents/MacOS/ProcessMonitor","SessionStarted":"2025-02-10T07:22:14.24010016Z","SessionEnded":"2025-02-10T07:21:07.654975013Z","SessionResumed":null,"FullPath":"/Users/michaeltan/.zsh_sessions/147A5329-408D-42EB-AABA-754C4A93DC8A.history"}
{"Line":"csrutil --status","SessionStarted":null,"SessionEnded":"2025-02-10T06:15:39.424233893Z","SessionResumed":"2025-02-10T06:15:39Z","FullPath":"/Users/michaeltan/.zsh_sessions/6C571B83-7069-445C-B534-5E2E4EF2C655.history"}
{"Line":"csrutil status","SessionStarted":null,"SessionEnded":"2025-02-10T06:15:39.424233893Z","SessionResumed":"2025-02-10T06:15:39Z","FullPath":"/Users/michaeltan/.zsh_sessions/6C571B83-7069-445C-B534-5E2E4EF2C655.history"}
{"Line":"ls","SessionStarted":null,"SessionEnded":"2025-02-10T06:15:39.424233893Z","SessionResumed":"2025-02-10T06:15:39Z","FullPath":"/Users/michaeltan/.zsh_sessions/6C571B83-7069-445C-B534-5E2E4EF2C655.history"}
{"Line":"git","SessionStarted":null,"SessionEnded":"2025-02-10T06:15:39.424233893Z","SessionResumed":"2025-02-10T06:15:39Z","FullPath":"/Users/michaeltan/.zsh_sessions/6C571B83-7069-445C-B534-5E2E4EF2C655.history"}
{"Line":"csrutil --status","SessionStarted":"2025-02-10T07:22:14.108929181Z","SessionEnded":"2025-02-10T07:21:07.66227889Z","SessionResumed":null,"FullPath":"/Users/michaeltan/.zsh_sessions/C6950D44-2357-4CF6-9B62-0350C2E9D5D4.history"}
{"Line":"csrutil status","SessionStarted":"2025-02-10T07:22:14.108929181Z","SessionEnded":"2025-02-10T07:21:07.66227889Z","SessionResumed":null,"FullPath":"/Users/michaeltan/.zsh_sessions/C6950D44-2357-4CF6-9B62-0350C2E9D5D4.history"}
{"Line":"ls","SessionStarted":"2025-02-10T07:22:14.108929181Z","SessionEnded":"2025-02-10T07:21:07.66227889Z","SessionResumed":null,"FullPath":"/Users/michaeltan/.zsh_sessions/C6950D44-2357-4CF6-9B62-0350C2E9D5D4.history"}
{"Line":"git","SessionStarted":"2025-02-10T07:22:14.108929181Z","SessionEnded":"2025-02-10T07:21:07.66227889Z","SessionResumed":null,"FullPath":"/Users/michaeltan/.zsh_sessions/C6950D44-2357-4CF6-9B62-0350C2E9D5D4.history"}
{"Line":"./ProcessMonitor.app/Contents/MacOS/ProcessMonitor","SessionStarted":"2025-02-10T07:22:14.108929181Z","SessionEnded":"2025-02-10T07:21:07.66227889Z","SessionResumed":null,"FullPath":"/Users/michaeltan/.zsh_sessions/C6950D44-2357-4CF6-9B62-0350C2E9D5D4.history"}
{"Line":"sudo ./ProcessMonitor.app/Contents/MacOS/ProcessMonitor","SessionStarted":"2025-02-10T07:22:14.108929181Z","SessionEnded":"2025-02-10T07:21:07.66227889Z","SessionResumed":null,"FullPath":"/Users/michaeltan/.zsh_sessions/C6950D44-2357-4CF6-9B62-0350C2E9D5D4.history"}
{"Line":"cd Downloads/","SessionStarted":"2025-02-10T07:22:14.108929181Z","SessionEnded":"2025-02-10T07:21:07.66227889Z","SessionResumed":null,"FullPath":"/Users/michaeltan/.zsh_sessions/C6950D44-2357-4CF6-9B62-0350C2E9D5D4.history"}
{"Line":"git clone https://github.com/zixuantemp/VelociraptorClient.git","SessionStarted":"2025-02-10T07:22:14.108929181Z","SessionEnded":"2025-02-10T07:21:07.66227889Z","SessionResumed":null,"FullPath":"/Users/michaeltan/.zsh_sessions/C6950D44-2357-4CF6-9B62-0350C2E9D5D4.history"}
{"Line":"cd VelociraptorClient","SessionStarted":"2025-02-10T07:22:14.108929181Z","SessionEnded":"2025-02-10T07:21:07.66227889Z","SessionResumed":null,"FullPath":"/Users/michaeltan/.zsh_sessions/C6950D44-2357-4CF6-9B62-0350C2E9D5D4.history"}
{"Line":"chmod +x clone_and_run","SessionStarted":"2025-02-10T07:22:14.108929181Z","SessionEnded":"2025-02-10T07:21:07.66227889Z","SessionResumed":null,"FullPath":"/Users/michaeltan/.zsh_sessions/C6950D44-2357-4CF6-9B62-0350C2E9D5D4.history"}
{"Line":"sudo clone_and_run","SessionStarted":"2025-02-10T07:22:14.108929181Z","SessionEnded":"2025-02-10T07:21:07.66227889Z","SessionResumed":null,"FullPath":"/Users/michaeltan/.zsh_sessions/C6950D44-2357-4CF6-9B62-0350C2E9D5D4.history"}
{"Line":"sudo ./clone_and_run","SessionStarted":"2025-02-10T07:22:14.108929181Z","SessionEnded":"2025-02-10T07:21:07.66227889Z","SessionResumed":null,"FullPath":"/Users/michaeltan/.zsh_sessions/C6950D44-2357-4CF6-9B62-0350C2E9D5D4.history"}
{"Line":"ls","SessionStarted":"2025-02-10T07:22:14.108929181Z","SessionEnded":"2025-02-10T07:21:07.66227889Z","SessionResumed":null,"FullPath":"/Users/michaeltan/.zsh_sessions/C6950D44-2357-4CF6-9B62-0350C2E9D5D4.history"}
{"Line":"sudo ./upload.sh Collection-michaeltans-Mac_local-2025-02-10T06_26_35Z.zip","SessionStarted":"2025-02-10T07:22:14.108929181Z","SessionEnded":"2025-02-10T07:21:07.66227889Z","SessionResumed":null,"FullPath":"/Users/michaeltan/.zsh_sessions/C6950D44-2357-4CF6-9B62-0350C2E9D5D4.history"}
{"Line":"clear","SessionStarted":"2025-02-10T07:22:14.108929181Z","SessionEnded":"2025-02-10T07:21:07.66227889Z","SessionResumed":null,"FullPath":"/Users/michaeltan/.zsh_sessions/C6950D44-2357-4CF6-9B62-0350C2E9D5D4.history"}
{"Line":"cd ~/Downloads","SessionStarted":"2025-02-10T07:22:14.108929181Z","SessionEnded":"2025-02-10T07:21:07.66227889Z","SessionResumed":null,"FullPath":"/Users/michaeltan/.zsh_sessions/C6950D44-2357-4CF6-9B62-0350C2E9D5D4.history"}
{"Line":"ls","SessionStarted":"2025-02-10T07:22:14.108929181Z","SessionEnded":"2025-02-10T07:21:07.66227889Z","SessionResumed":null,"FullPath":"/Users/michaeltan/.zsh_sessions/C6950D44-2357-4CF6-9B62-0350C2E9D5D4.history"}
{"Line":"chmod +x ff710601bbe6bd33ac9afcab60bbadcef593a647a1965622d2cfc0ef0e584260","SessionStarted":"2025-02-10T07:22:14.108929181Z","SessionEnded":"2025-02-10T07:21:07.66227889Z","SessionResumed":null,"FullPath":"/Users/michaeltan/.zsh_sessions/C6950D44-2357-4CF6-9B62-0350C2E9D5D4.history"}
{"Line":"./ff710601bbe6bd33ac9afcab60bbadcef593a647a1965622d2cfc0ef0e584260","SessionStarted":"2025-02-10T07:22:14.108929181Z","SessionEnded":"2025-02-10T07:21:07.66227889Z","SessionResumed":null,"FullPath":"/Users/michaeltan/.zsh_sessions/C6950D44-2357-4CF6-9B62-0350C2E9D5D4.history"}
{"Line":"xaatr -d com.apple.quarantine ff710601bbe6bd33ac9afcab60bbadcef593a647a1965622d2cfc0ef0e584260","SessionStarted":"2025-02-10T07:22:14.108929181Z","SessionEnded":"2025-02-10T07:21:07.66227889Z","SessionResumed":null,"FullPath":"/Users/michaeltan/.zsh_sessions/C6950D44-2357-4CF6-9B62-0350C2E9D5D4.history"}
{"Line":"sudo xaatr -d com.apple.quarantine ff710601bbe6bd33ac9afcab60bbadcef593a647a1965622d2cfc0ef0e584260","SessionStarted":"2025-02-10T07:22:14.108929181Z","SessionEnded":"2025-02-10T07:21:07.66227889Z","SessionResumed":null,"FullPath":"/Users/michaeltan/.zsh_sessions/C6950D44-2357-4CF6-9B62-0350C2E9D5D4.history"}
{"Line":"csrutil statua","SessionStarted":"2025-02-10T07:22:14.108929181Z","SessionEnded":"2025-02-10T07:21:07.66227889Z","SessionResumed":null,"FullPath":"/Users/michaeltan/.zsh_sessions/C6950D44-2357-4CF6-9B62-0350C2E9D5D4.history"}
{"Line":"csrutil status","SessionStarted":"2025-02-10T07:22:14.108929181Z","SessionEnded":"2025-02-10T07:21:07.66227889Z","SessionResumed":null,"FullPath":"/Users/michaeltan/.zsh_sessions/C6950D44-2357-4CF6-9B62-0350C2E9D5D4.history"}
{"Line":"clear","SessionStarted":"2025-02-10T07:22:14.108929181Z","SessionEnded":"2025-02-10T07:21:07.66227889Z","SessionResumed":null,"FullPath":"/Users/michaeltan/.zsh_sessions/C6950D44-2357-4CF6-9B62-0350C2E9D5D4.history"}
{"Line":"sudo ./ff710601bbe6bd33ac9afcab60bbadcef593a647a1965622d2cfc0ef0e584260","SessionStarted":"2025-02-10T07:22:14.108929181Z","SessionEnded":"2025-02-10T07:21:07.66227889Z","SessionResumed":null,"FullPath":"/Users/michaeltan/.zsh_sessions/C6950D44-2357-4CF6-9B62-0350C2E9D5D4.history"}
{"Line":"./ff710601bbe6bd33ac9afcab60bbadcef593a647a1965622d2cfc0ef0e584260","SessionStarted":"2025-02-10T07:22:14.108929181Z","SessionEnded":"2025-02-10T07:21:07.66227889Z","SessionResumed":null,"FullPath":"/Users/michaeltan/.zsh_sessions/C6950D44-2357-4CF6-9B62-0350C2E9D5D4.history"}
{"Line":"xaatr","SessionStarted":"2025-02-10T07:22:14.108929181Z","SessionEnded":"2025-02-10T07:21:07.66227889Z","SessionResumed":null,"FullPath":"/Users/michaeltan/.zsh_sessions/C6950D44-2357-4CF6-9B62-0350C2E9D5D4.history"}
{"Line":"cd VelociraptorClient","SessionStarted":"2025-02-10T07:22:14.108929181Z","SessionEnded":"2025-02-10T07:21:07.66227889Z","SessionResumed":null,"FullPath":"/Users/michaeltan/.zsh_sessions/C6950D44-2357-4CF6-9B62-0350C2E9D5D4.history"}
{"Line":"chmod +x velociraptor-v0.73-darwin-amd64","SessionStarted":"2025-02-10T07:22:14.108929181Z","SessionEnded":"2025-02-10T07:21:07.66227889Z","SessionResumed":null,"FullPath":"/Users/michaeltan/.zsh_sessions/C6950D44-2357-4CF6-9B62-0350C2E9D5D4.history"}
{"Line":"chmod +x velociraptor-v0.73.1-darwin-amd64","SessionStarted":"2025-02-10T07:22:14.108929181Z","SessionEnded":"2025-02-10T07:21:07.66227889Z","SessionResumed":null,"FullPath":"/Users/michaeltan/.zsh_sessions/C6950D44-2357-4CF6-9B62-0350C2E9D5D4.history"}
{"Line":"./velociraptor-v0.73.1-darwin-amd64","SessionStarted":"2025-02-10T07:22:14.108929181Z","SessionEnded":"2025-02-10T07:21:07.66227889Z","SessionResumed":null,"FullPath":"/Users/michaeltan/.zsh_sessions/C6950D44-2357-4CF6-9B62-0350C2E9D5D4.history"}
{"Line":"./velociraptor-v0.73.1-darwin-amd64 -h","SessionStarted":"2025-02-10T07:22:14.108929181Z","SessionEnded":"2025-02-10T07:21:07.66227889Z","SessionResumed":null,"FullPath":"/Users/michaeltan/.zsh_sessions/C6950D44-2357-4CF6-9B62-0350C2E9D5D4.history"}
{"Line":"clear","SessionStarted":"2025-02-10T07:22:14.108929181Z","SessionEnded":"2025-02-10T07:21:07.66227889Z","SessionResumed":null,"FullPath":"/Users/michaeltan/.zsh_sessions/C6950D44-2357-4CF6-9B62-0350C2E9D5D4.history"}
{"Line":"cd ","SessionStarted":"2025-02-10T07:22:14.108929181Z","SessionEnded":"2025-02-10T07:21:07.66227889Z","SessionResumed":null,"FullPath":"/Users/michaeltan/.zsh_sessions/C6950D44-2357-4CF6-9B62-0350C2E9D5D4.history"}
{"Line":"~/Downloads","SessionStarted":"2025-02-10T07:22:14.108929181Z","SessionEnded":"2025-02-10T07:21:07.66227889Z","SessionResumed":null,"FullPath":"/Users/michaeltan/.zsh_sessions/C6950D44-2357-4CF6-9B62-0350C2E9D5D4.history"}
{"Line":"sudo cd ~/Downloads","SessionStarted":"2025-02-10T07:22:14.108929181Z","SessionEnded":"2025-02-10T07:21:07.66227889Z","SessionResumed":null,"FullPath":"/Users/michaeltan/.zsh_sessions/C6950D44-2357-4CF6-9B62-0350C2E9D5D4.history"}
{"Line":"csrutil --status","SessionStarted":null,"SessionEnded":"2025-02-10T06:11:45.582842479Z","SessionResumed":"2025-02-10T06:11:45Z","FullPath":"/Users/michaeltan/.zsh_sessions/E14F6453-C820-446F-B63F-0F0C7D87A2DA.history"}
{"Line":"csrutil status","SessionStarted":null,"SessionEnded":"2025-02-10T06:11:45.582842479Z","SessionResumed":"2025-02-10T06:11:45Z","FullPath":"/Users/michaeltan/.zsh_sessions/E14F6453-C820-446F-B63F-0F0C7D87A2DA.history"}
{"Line":"ls","SessionStarted":null,"SessionEnded":"2025-02-10T06:11:45.582842479Z","SessionResumed":"2025-02-10T06:11:45Z","FullPath":"/Users/michaeltan/.zsh_sessions/E14F6453-C820-446F-B63F-0F0C7D87A2DA.history"}
{"Line":"csrutil --status","SessionStarted":null,"SessionEnded":"2025-02-10T07:17:34.687764868Z","SessionResumed":"2025-02-10T07:17:34Z","FullPath":"/Users/michaeltan/.zsh_sessions/E1FEE944-F886-4D30-A8C4-D21598F4A045.history"}
{"Line":"csrutil status","SessionStarted":null,"SessionEnded":"2025-02-10T07:17:34.687764868Z","SessionResumed":"2025-02-10T07:17:34Z","FullPath":"/Users/michaeltan/.zsh_sessions/E1FEE944-F886-4D30-A8C4-D21598F4A045.history"}
{"Line":"ls","SessionStarted":null,"SessionEnded":"2025-02-10T07:17:34.687764868Z","SessionResumed":"2025-02-10T07:17:34Z","FullPath":"/Users/michaeltan/.zsh_sessions/E1FEE944-F886-4D30-A8C4-D21598F4A045.history"}
{"Line":"git","SessionStarted":null,"SessionEnded":"2025-02-10T07:17:34.687764868Z","SessionResumed":"2025-02-10T07:17:34Z","FullPath":"/Users/michaeltan/.zsh_sessions/E1FEE944-F886-4D30-A8C4-D21598F4A045.history"}
{"Line":"./ProcessMonitor.app/Contents/MacOS/ProcessMonitor","SessionStarted":null,"SessionEnded":"2025-02-10T07:17:34.687764868Z","SessionResumed":"2025-02-10T07:17:34Z","FullPath":"/Users/michaeltan/.zsh_sessions/E1FEE944-F886-4D30-A8C4-D21598F4A045.history"}
{"Line":"sudo ./ProcessMonitor.app/Contents/MacOS/ProcessMonitor","SessionStarted":null,"SessionEnded":"2025-02-10T07:17:34.687764868Z","SessionResumed":"2025-02-10T07:17:34Z","FullPath":"/Users/michaeltan/.zsh_sessions/E1FEE944-F886-4D30-A8C4-D21598F4A045.history"}
{"Line":"cd Downloads/","SessionStarted":null,"SessionEnded":"2025-02-10T07:17:34.687764868Z","SessionResumed":"2025-02-10T07:17:34Z","FullPath":"/Users/michaeltan/.zsh_sessions/E1FEE944-F886-4D30-A8C4-D21598F4A045.history"}
{"Line":"git clone https://github.com/zixuantemp/VelociraptorClient.git","SessionStarted":null,"SessionEnded":"2025-02-10T07:17:34.687764868Z","SessionResumed":"2025-02-10T07:17:34Z","FullPath":"/Users/michaeltan/.zsh_sessions/E1FEE944-F886-4D30-A8C4-D21598F4A045.history"}
{"Line":"cd VelociraptorClient","SessionStarted":null,"SessionEnded":"2025-02-10T07:17:34.687764868Z","SessionResumed":"2025-02-10T07:17:34Z","FullPath":"/Users/michaeltan/.zsh_sessions/E1FEE944-F886-4D30-A8C4-D21598F4A045.history"}
{"Line":"chmod +x clone_and_run","SessionStarted":null,"SessionEnded":"2025-02-10T07:17:34.687764868Z","SessionResumed":"2025-02-10T07:17:34Z","FullPath":"/Users/michaeltan/.zsh_sessions/E1FEE944-F886-4D30-A8C4-D21598F4A045.history"}
{"Line":"sudo clone_and_run","SessionStarted":null,"SessionEnded":"2025-02-10T07:17:34.687764868Z","SessionResumed":"2025-02-10T07:17:34Z","FullPath":"/Users/michaeltan/.zsh_sessions/E1FEE944-F886-4D30-A8C4-D21598F4A045.history"}
{"Line":"sudo ./clone_and_run","SessionStarted":null,"SessionEnded":"2025-02-10T07:17:34.687764868Z","SessionResumed":"2025-02-10T07:17:34Z","FullPath":"/Users/michaeltan/.zsh_sessions/E1FEE944-F886-4D30-A8C4-D21598F4A045.history"}
{"Line":"ls","SessionStarted":null,"SessionEnded":"2025-02-10T07:17:34.687764868Z","SessionResumed":"2025-02-10T07:17:34Z","FullPath":"/Users/michaeltan/.zsh_sessions/E1FEE944-F886-4D30-A8C4-D21598F4A045.history"}
{"Line":"sudo ./upload.sh Collection-michaeltans-Mac_local-2025-02-10T06_26_35Z.zip","SessionStarted":null,"SessionEnded":"2025-02-10T07:17:34.687764868Z","SessionResumed":"2025-02-10T07:17:34Z","FullPath":"/Users/michaeltan/.zsh_sessions/E1FEE944-F886-4D30-A8C4-D21598F4A045.history"}
{"Line":"clear","SessionStarted":null,"SessionEnded":"2025-02-10T07:17:34.687764868Z","SessionResumed":"2025-02-10T07:17:34Z","FullPath":"/Users/michaeltan/.zsh_sessions/E1FEE944-F886-4D30-A8C4-D21598F4A045.history"}
{"Line":"cd ~/Downloads","SessionStarted":null,"SessionEnded":"2025-02-10T07:17:34.687764868Z","SessionResumed":"2025-02-10T07:17:34Z","FullPath":"/Users/michaeltan/.zsh_sessions/E1FEE944-F886-4D30-A8C4-D21598F4A045.history"}
{"Line":"ls","SessionStarted":null,"SessionEnded":"2025-02-10T07:17:34.687764868Z","SessionResumed":"2025-02-10T07:17:34Z","FullPath":"/Users/michaeltan/.zsh_sessions/E1FEE944-F886-4D30-A8C4-D21598F4A045.history"}
{"Line":"chmod +x ff710601bbe6bd33ac9afcab60bbadcef593a647a1965622d2cfc0ef0e584260","SessionStarted":null,"SessionEnded":"2025-02-10T07:17:34.687764868Z","SessionResumed":"2025-02-10T07:17:34Z","FullPath":"/Users/michaeltan/.zsh_sessions/E1FEE944-F886-4D30-A8C4-D21598F4A045.history"}
{"Line":"./ff710601bbe6bd33ac9afcab60bbadcef593a647a1965622d2cfc0ef0e584260","SessionStarted":null,"SessionEnded":"2025-02-10T07:17:34.687764868Z","SessionResumed":"2025-02-10T07:17:34Z","FullPath":"/Users/michaeltan/.zsh_sessions/E1FEE944-F886-4D30-A8C4-D21598F4A045.history"}
{"Line":"xaatr -d com.apple.quarantine ff710601bbe6bd33ac9afcab60bbadcef593a647a1965622d2cfc0ef0e584260","SessionStarted":null,"SessionEnded":"2025-02-10T07:17:34.687764868Z","SessionResumed":"2025-02-10T07:17:34Z","FullPath":"/Users/michaeltan/.zsh_sessions/E1FEE944-F886-4D30-A8C4-D21598F4A045.history"}
{"Line":"sudo xaatr -d com.apple.quarantine ff710601bbe6bd33ac9afcab60bbadcef593a647a1965622d2cfc0ef0e584260","SessionStarted":null,"SessionEnded":"2025-02-10T07:17:34.687764868Z","SessionResumed":"2025-02-10T07:17:34Z","FullPath":"/Users/michaeltan/.zsh_sessions/E1FEE944-F886-4D30-A8C4-D21598F4A045.history"}
{"Line":"csrutil statua","SessionStarted":null,"SessionEnded":"2025-02-10T07:17:34.687764868Z","SessionResumed":"2025-02-10T07:17:34Z","FullPath":"/Users/michaeltan/.zsh_sessions/E1FEE944-F886-4D30-A8C4-D21598F4A045.history"}
{"Line":"csrutil status","SessionStarted":null,"SessionEnded":"2025-02-10T07:17:34.687764868Z","SessionResumed":"2025-02-10T07:17:34Z","FullPath":"/Users/michaeltan/.zsh_sessions/E1FEE944-F886-4D30-A8C4-D21598F4A045.history"}
{"Line":"clear","SessionStarted":null,"SessionEnded":"2025-02-10T07:17:34.687764868Z","SessionResumed":"2025-02-10T07:17:34Z","FullPath":"/Users/michaeltan/.zsh_sessions/E1FEE944-F886-4D30-A8C4-D21598F4A045.history"}
{"Line":"sudo ./ff710601bbe6bd33ac9afcab60bbadcef593a647a1965622d2cfc0ef0e584260","SessionStarted":null,"SessionEnded":"2025-02-10T07:17:34.687764868Z","SessionResumed":"2025-02-10T07:17:34Z","FullPath":"/Users/michaeltan/.zsh_sessions/E1FEE944-F886-4D30-A8C4-D21598F4A045.history"}
{"Line":"./ff710601bbe6bd33ac9afcab60bbadcef593a647a1965622d2cfc0ef0e584260","SessionStarted":null,"SessionEnded":"2025-02-10T07:17:34.687764868Z","SessionResumed":"2025-02-10T07:17:34Z","FullPath":"/Users/michaeltan/.zsh_sessions/E1FEE944-F886-4D30-A8C4-D21598F4A045.history"}
{"Line":"xaatr","SessionStarted":null,"SessionEnded":"2025-02-10T07:17:34.687764868Z","SessionResumed":"2025-02-10T07:17:34Z","FullPath":"/Users/michaeltan/.zsh_sessions/E1FEE944-F886-4D30-A8C4-D21598F4A045.history"}
{"Line":"cd VelociraptorClient","SessionStarted":null,"SessionEnded":"2025-02-10T07:17:34.687764868Z","SessionResumed":"2025-02-10T07:17:34Z","FullPath":"/Users/michaeltan/.zsh_sessions/E1FEE944-F886-4D30-A8C4-D21598F4A045.history"}
{"Line":"chmod +x velociraptor-v0.73-darwin-amd64","SessionStarted":null,"SessionEnded":"2025-02-10T07:17:34.687764868Z","SessionResumed":"2025-02-10T07:17:34Z","FullPath":"/Users/michaeltan/.zsh_sessions/E1FEE944-F886-4D30-A8C4-D21598F4A045.history"}
{"Line":"chmod +x velociraptor-v0.73.1-darwin-amd64","SessionStarted":null,"SessionEnded":"2025-02-10T07:17:34.687764868Z","SessionResumed":"2025-02-10T07:17:34Z","FullPath":"/Users/michaeltan/.zsh_sessions/E1FEE944-F886-4D30-A8C4-D21598F4A045.history"}
{"Line":"./velociraptor-v0.73.1-darwin-amd64","SessionStarted":null,"SessionEnded":"2025-02-10T07:17:34.687764868Z","SessionResumed":"2025-02-10T07:17:34Z","FullPath":"/Users/michaeltan/.zsh_sessions/E1FEE944-F886-4D30-A8C4-D21598F4A045.history"}
{"Line":"./velociraptor-v0.73.1-darwin-amd64 -h","SessionStarted":null,"SessionEnded":"2025-02-10T07:17:34.687764868Z","SessionResumed":"2025-02-10T07:17:34Z","FullPath":"/Users/michaeltan/.zsh_sessions/E1FEE944-F886-4D30-A8C4-D21598F4A045.history"}
{"Line":"clear","SessionStarted":null,"SessionEnded":"2025-02-10T07:17:34.687764868Z","SessionResumed":"2025-02-10T07:17:34Z","FullPath":"/Users/michaeltan/.zsh_sessions/E1FEE944-F886-4D30-A8C4-D21598F4A045.history"}
{"Line":"cd ","SessionStarted":null,"SessionEnded":"2025-02-10T07:17:34.687764868Z","SessionResumed":"2025-02-10T07:17:34Z","FullPath":"/Users/michaeltan/.zsh_sessions/E1FEE944-F886-4D30-A8C4-D21598F4A045.history"}
{"Line":"~/Downloads","SessionStarted":null,"SessionEnded":"2025-02-10T07:17:34.687764868Z","SessionResumed":"2025-02-10T07:17:34Z","FullPath":"/Users/michaeltan/.zsh_sessions/E1FEE944-F886-4D30-A8C4-D21598F4A045.history"}
{"Line":"sudo cd ~/Downloads","SessionStarted":null,"SessionEnded":"2025-02-10T07:17:34.687764868Z","SessionResumed":"2025-02-10T07:17:34Z","FullPath":"/Users/michaeltan/.zsh_sessions/E1FEE944-F886-4D30-A8C4-D21598F4A045.history"}
{"Line":"/Volumes/setup/setup ; exit;","SessionStarted":null,"SessionEnded":"2025-02-10T07:17:34.687764868Z","SessionResumed":"2025-02-10T07:17:34Z","FullPath":"/Users/michaeltan/.zsh_sessions/E1FEE944-F886-4D30-A8C4-D21598F4A045.history"}
{"Line":"csrutil --status","SessionStarted":null,"SessionEnded":"2025-02-10T07:21:07.464537164Z","SessionResumed":"2025-02-10T07:21:07Z","FullPath":"/Users/michaeltan/.zsh_sessions/F0A7B1F4-2672-4EBF-8052-FB3BC92062A9.history"}
{"Line":"csrutil status","SessionStarted":null,"SessionEnded":"2025-02-10T07:21:07.464537164Z","SessionResumed":"2025-02-10T07:21:07Z","FullPath":"/Users/michaeltan/.zsh_sessions/F0A7B1F4-2672-4EBF-8052-FB3BC92062A9.history"}
{"Line":"ls","SessionStarted":null,"SessionEnded":"2025-02-10T07:21:07.464537164Z","SessionResumed":"2025-02-10T07:21:07Z","FullPath":"/Users/michaeltan/.zsh_sessions/F0A7B1F4-2672-4EBF-8052-FB3BC92062A9.history"}
{"Line":"git","SessionStarted":null,"SessionEnded":"2025-02-10T07:21:07.464537164Z","SessionResumed":"2025-02-10T07:21:07Z","FullPath":"/Users/michaeltan/.zsh_sessions/F0A7B1F4-2672-4EBF-8052-FB3BC92062A9.history"}
{"Line":"./ProcessMonitor.app/Contents/MacOS/ProcessMonitor","SessionStarted":null,"SessionEnded":"2025-02-10T07:21:07.464537164Z","SessionResumed":"2025-02-10T07:21:07Z","FullPath":"/Users/michaeltan/.zsh_sessions/F0A7B1F4-2672-4EBF-8052-FB3BC92062A9.history"}
{"Line":"sudo ./ProcessMonitor.app/Contents/MacOS/ProcessMonitor","SessionStarted":null,"SessionEnded":"2025-02-10T07:21:07.464537164Z","SessionResumed":"2025-02-10T07:21:07Z","FullPath":"/Users/michaeltan/.zsh_sessions/F0A7B1F4-2672-4EBF-8052-FB3BC92062A9.history"}
{"Line":"cd Downloads/","SessionStarted":null,"SessionEnded":"2025-02-10T07:21:07.464537164Z","SessionResumed":"2025-02-10T07:21:07Z","FullPath":"/Users/michaeltan/.zsh_sessions/F0A7B1F4-2672-4EBF-8052-FB3BC92062A9.history"}
{"Line":"git clone https://github.com/zixuantemp/VelociraptorClient.git","SessionStarted":null,"SessionEnded":"2025-02-10T07:21:07.464537164Z","SessionResumed":"2025-02-10T07:21:07Z","FullPath":"/Users/michaeltan/.zsh_sessions/F0A7B1F4-2672-4EBF-8052-FB3BC92062A9.history"}
{"Line":"cd VelociraptorClient","SessionStarted":null,"SessionEnded":"2025-02-10T07:21:07.464537164Z","SessionResumed":"2025-02-10T07:21:07Z","FullPath":"/Users/michaeltan/.zsh_sessions/F0A7B1F4-2672-4EBF-8052-FB3BC92062A9.history"}
{"Line":"chmod +x clone_and_run","SessionStarted":null,"SessionEnded":"2025-02-10T07:21:07.464537164Z","SessionResumed":"2025-02-10T07:21:07Z","FullPath":"/Users/michaeltan/.zsh_sessions/F0A7B1F4-2672-4EBF-8052-FB3BC92062A9.history"}
{"Line":"sudo clone_and_run","SessionStarted":null,"SessionEnded":"2025-02-10T07:21:07.464537164Z","SessionResumed":"2025-02-10T07:21:07Z","FullPath":"/Users/michaeltan/.zsh_sessions/F0A7B1F4-2672-4EBF-8052-FB3BC92062A9.history"}
{"Line":"sudo ./clone_and_run","SessionStarted":null,"SessionEnded":"2025-02-10T07:21:07.464537164Z","SessionResumed":"2025-02-10T07:21:07Z","FullPath":"/Users/michaeltan/.zsh_sessions/F0A7B1F4-2672-4EBF-8052-FB3BC92062A9.history"}
{"Line":"ls","SessionStarted":null,"SessionEnded":"2025-02-10T07:21:07.464537164Z","SessionResumed":"2025-02-10T07:21:07Z","FullPath":"/Users/michaeltan/.zsh_sessions/F0A7B1F4-2672-4EBF-8052-FB3BC92062A9.history"}
{"Line":"sudo ./upload.sh Collection-michaeltans-Mac_local-2025-02-10T06_26_35Z.zip","SessionStarted":null,"SessionEnded":"2025-02-10T07:21:07.464537164Z","SessionResumed":"2025-02-10T07:21:07Z","FullPath":"/Users/michaeltan/.zsh_sessions/F0A7B1F4-2672-4EBF-8052-FB3BC92062A9.history"}
{"Line":"clear","SessionStarted":null,"SessionEnded":"2025-02-10T07:21:07.464537164Z","SessionResumed":"2025-02-10T07:21:07Z","FullPath":"/Users/michaeltan/.zsh_sessions/F0A7B1F4-2672-4EBF-8052-FB3BC92062A9.history"}
{"Line":"cd ~/Downloads","SessionStarted":null,"SessionEnded":"2025-02-10T07:21:07.464537164Z","SessionResumed":"2025-02-10T07:21:07Z","FullPath":"/Users/michaeltan/.zsh_sessions/F0A7B1F4-2672-4EBF-8052-FB3BC92062A9.history"}
{"Line":"ls","SessionStarted":null,"SessionEnded":"2025-02-10T07:21:07.464537164Z","SessionResumed":"2025-02-10T07:21:07Z","FullPath":"/Users/michaeltan/.zsh_sessions/F0A7B1F4-2672-4EBF-8052-FB3BC92062A9.history"}
{"Line":"chmod +x ff710601bbe6bd33ac9afcab60bbadcef593a647a1965622d2cfc0ef0e584260","SessionStarted":null,"SessionEnded":"2025-02-10T07:21:07.464537164Z","SessionResumed":"2025-02-10T07:21:07Z","FullPath":"/Users/michaeltan/.zsh_sessions/F0A7B1F4-2672-4EBF-8052-FB3BC92062A9.history"}
{"Line":"./ff710601bbe6bd33ac9afcab60bbadcef593a647a1965622d2cfc0ef0e584260","SessionStarted":null,"SessionEnded":"2025-02-10T07:21:07.464537164Z","SessionResumed":"2025-02-10T07:21:07Z","FullPath":"/Users/michaeltan/.zsh_sessions/F0A7B1F4-2672-4EBF-8052-FB3BC92062A9.history"}
{"Line":"xaatr -d com.apple.quarantine ff710601bbe6bd33ac9afcab60bbadcef593a647a1965622d2cfc0ef0e584260","SessionStarted":null,"SessionEnded":"2025-02-10T07:21:07.464537164Z","SessionResumed":"2025-02-10T07:21:07Z","FullPath":"/Users/michaeltan/.zsh_sessions/F0A7B1F4-2672-4EBF-8052-FB3BC92062A9.history"}
{"Line":"sudo xaatr -d com.apple.quarantine ff710601bbe6bd33ac9afcab60bbadcef593a647a1965622d2cfc0ef0e584260","SessionStarted":null,"SessionEnded":"2025-02-10T07:21:07.464537164Z","SessionResumed":"2025-02-10T07:21:07Z","FullPath":"/Users/michaeltan/.zsh_sessions/F0A7B1F4-2672-4EBF-8052-FB3BC92062A9.history"}
{"Line":"csrutil statua","SessionStarted":null,"SessionEnded":"2025-02-10T07:21:07.464537164Z","SessionResumed":"2025-02-10T07:21:07Z","FullPath":"/Users/michaeltan/.zsh_sessions/F0A7B1F4-2672-4EBF-8052-FB3BC92062A9.history"}
{"Line":"csrutil status","SessionStarted":null,"SessionEnded":"2025-02-10T07:21:07.464537164Z","SessionResumed":"2025-02-10T07:21:07Z","FullPath":"/Users/michaeltan/.zsh_sessions/F0A7B1F4-2672-4EBF-8052-FB3BC92062A9.history"}
{"Line":"clear","SessionStarted":null,"SessionEnded":"2025-02-10T07:21:07.464537164Z","SessionResumed":"2025-02-10T07:21:07Z","FullPath":"/Users/michaeltan/.zsh_sessions/F0A7B1F4-2672-4EBF-8052-FB3BC92062A9.history"}
{"Line":"sudo ./ff710601bbe6bd33ac9afcab60bbadcef593a647a1965622d2cfc0ef0e584260","SessionStarted":null,"SessionEnded":"2025-02-10T07:21:07.464537164Z","SessionResumed":"2025-02-10T07:21:07Z","FullPath":"/Users/michaeltan/.zsh_sessions/F0A7B1F4-2672-4EBF-8052-FB3BC92062A9.history"}
{"Line":"./ff710601bbe6bd33ac9afcab60bbadcef593a647a1965622d2cfc0ef0e584260","SessionStarted":null,"SessionEnded":"2025-02-10T07:21:07.464537164Z","SessionResumed":"2025-02-10T07:21:07Z","FullPath":"/Users/michaeltan/.zsh_sessions/F0A7B1F4-2672-4EBF-8052-FB3BC92062A9.history"}
{"Line":"xaatr","SessionStarted":null,"SessionEnded":"2025-02-10T07:21:07.464537164Z","SessionResumed":"2025-02-10T07:21:07Z","FullPath":"/Users/michaeltan/.zsh_sessions/F0A7B1F4-2672-4EBF-8052-FB3BC92062A9.history"}
{"Line":"cd VelociraptorClient","SessionStarted":null,"SessionEnded":"2025-02-10T07:21:07.464537164Z","SessionResumed":"2025-02-10T07:21:07Z","FullPath":"/Users/michaeltan/.zsh_sessions/F0A7B1F4-2672-4EBF-8052-FB3BC92062A9.history"}
{"Line":"chmod +x velociraptor-v0.73-darwin-amd64","SessionStarted":null,"SessionEnded":"2025-02-10T07:21:07.464537164Z","SessionResumed":"2025-02-10T07:21:07Z","FullPath":"/Users/michaeltan/.zsh_sessions/F0A7B1F4-2672-4EBF-8052-FB3BC92062A9.history"}
{"Line":"chmod +x velociraptor-v0.73.1-darwin-amd64","SessionStarted":null,"SessionEnded":"2025-02-10T07:21:07.464537164Z","SessionResumed":"2025-02-10T07:21:07Z","FullPath":"/Users/michaeltan/.zsh_sessions/F0A7B1F4-2672-4EBF-8052-FB3BC92062A9.history"}
{"Line":"./velociraptor-v0.73.1-darwin-amd64","SessionStarted":null,"SessionEnded":"2025-02-10T07:21:07.464537164Z","SessionResumed":"2025-02-10T07:21:07Z","FullPath":"/Users/michaeltan/.zsh_sessions/F0A7B1F4-2672-4EBF-8052-FB3BC92062A9.history"}
{"Line":"./velociraptor-v0.73.1-darwin-amd64 -h","SessionStarted":null,"SessionEnded":"2025-02-10T07:21:07.464537164Z","SessionResumed":"2025-02-10T07:21:07Z","FullPath":"/Users/michaeltan/.zsh_sessions/F0A7B1F4-2672-4EBF-8052-FB3BC92062A9.history"}
{"Line":"clear","SessionStarted":null,"SessionEnded":"2025-02-10T07:21:07.464537164Z","SessionResumed":"2025-02-10T07:21:07Z","FullPath":"/Users/michaeltan/.zsh_sessions/F0A7B1F4-2672-4EBF-8052-FB3BC92062A9.history"}
{"Line":"cd ","SessionStarted":null,"SessionEnded":"2025-02-10T07:21:07.464537164Z","SessionResumed":"2025-02-10T07:21:07Z","FullPath":"/Users/michaeltan/.zsh_sessions/F0A7B1F4-2672-4EBF-8052-FB3BC92062A9.history"}
{"Line":"~/Downloads","SessionStarted":null,"SessionEnded":"2025-02-10T07:21:07.464537164Z","SessionResumed":"2025-02-10T07:21:07Z","FullPath":"/Users/michaeltan/.zsh_sessions/F0A7B1F4-2672-4EBF-8052-FB3BC92062A9.history"}
{"Line":"sudo cd ~/Downloads","SessionStarted":null,"SessionEnded":"2025-02-10T07:21:07.464537164Z","SessionResumed":"2025-02-10T07:21:07Z","FullPath":"/Users/michaeltan/.zsh_sessions/F0A7B1F4-2672-4EBF-8052-FB3BC92062A9.history"}
{"Line":"/Volumes/setup/setup ; exit;","SessionStarted":null,"SessionEnded":"2025-02-10T07:21:07.464537164Z","SessionResumed":"2025-02-10T07:21:07Z","FullPath":"/Users/michaeltan/.zsh_sessions/F0A7B1F4-2672-4EBF-8052-FB3BC92062A9.history"}
{"Line":"/Volumes/setup/setup ; exit;","SessionStarted":null,"SessionEnded":"2025-02-10T07:21:07.464537164Z","SessionResumed":"2025-02-10T07:21:07Z","FullPath":"/Users/michaeltan/.zsh_sessions/F0A7B1F4-2672-4EBF-8052-FB3BC92062A9.history"}
