{"DownloadTime":"2025-02-10T06:19:45.758147954Z","DownloadURL":null,"Origin":null,"AgentName":"Safari","AgentBundle":"com.apple.Safari","User":"michaeltan","EventUUID":"63629182-3044-4F8F-8E51-FC3E3F67E23E"}
{"DownloadTime":"2025-02-10T06:49:48.237095832Z","DownloadURL":null,"Origin":null,"AgentName":"Safari","AgentBundle":"com.apple.Safari","User":"michaeltan","EventUUID":"D359D399-E40D-4911-B6DA-F2C1E712D385"}
{"DownloadTime":"2025-02-10T06:50:05.540412902Z","DownloadURL":null,"Origin":null,"AgentName":"Safari","AgentBundle":"com.apple.Safari","User":"michaeltan","EventUUID":"2607C496-9840-4D76-B007-C807BCFBE7DA"}
{"DownloadTime":"2025-02-10T07:08:24.434604167Z","DownloadURL":null,"Origin":null,"AgentName":"Safari","AgentBundle":"com.apple.Safari","User":"michaeltan","EventUUID":"6182C30A-94E4-4C35-A0E1-7AF733498477"}
