{"Name":"ProcessMonitor","Version":"1.5.0","Path":"/Users/michaeltan/Downloads/ProcessMonitor.app","LastModified":"2020-12-16T20:24:34Z","ObtainedFrom":"identified_developer","SignedBy":["Developer ID Application: Objective-See, LLC (VBG97UB4TA)","Developer ID Certification Authority","Apple Root CA"],"_Architecture":"arch_arm_i64"}
{"Name":"FileMonitor","Version":"1.3.0","Path":"/Users/michaeltan/Downloads/FileMonitor.app","LastModified":"2020-12-16T20:24:00Z","ObtainedFrom":"identified_developer","SignedBy":["Developer ID Application: Objective-See, LLC (VBG97UB4TA)","Developer ID Certification Authority","Apple Root CA"],"_Architecture":"arch_arm_i64"}
{"Name":"group.is.workflow","Version":null,"Path":"/Users/michaeltan/Library/Application Scripts/group.is.workflow.my.app","LastModified":"2025-02-07T09:02:19Z","ObtainedFrom":"unknown","SignedBy":null,"_Architecture":"arch_other"}
{"Name":"AppleMobileDeviceHelper","Version":"5.0","Path":"/Library/Apple/System/Library/PrivateFrameworks/MobileDevice.framework/Versions/A/AppleMobileDeviceHelper.app","LastModified":"2024-02-02T17:19:31Z","ObtainedFrom":"apple","SignedBy":["Software Signing","Apple Code Signing Certification Authority","Apple Root CA"],"_Architecture":"arch_arm_i64"}
{"Name":"MobileDeviceUpdater","Version":"1.0","Path":"/Library/Apple/System/Library/PrivateFrameworks/MobileDevice.framework/Versions/A/Resources/MobileDeviceUpdater.app","LastModified":"2024-02-02T17:19:31Z","ObtainedFrom":"apple","SignedBy":["Software Signing","Apple Code Signing Certification Authority","Apple Root CA"],"_Architecture":"arch_arm_i64"}
{"Name":"AppleMobileSync","Version":"5.0","Path":"/Library/Apple/System/Library/PrivateFrameworks/MobileDevice.framework/Versions/A/AppleMobileSync.app","LastModified":"2024-02-02T17:19:31Z","ObtainedFrom":"apple","SignedBy":["Software Signing","Apple Code Signing Certification Authority","Apple Root CA"],"_Architecture":"arch_arm_i64"}
{"Name":"AirScanLegacyDiscovery","Version":"607","Path":"/Library/Image Capture/Support/LegacyDeviceDiscoveryHelpers/AirScanLegacyDiscovery.app","LastModified":"2024-02-02T17:19:31Z","ObtainedFrom":"apple","SignedBy":["Software Signing","Apple Code Signing Certification Authority","Apple Root CA"],"_Architecture":"arch_arm_i64"}
{"Name":"Recursive File Processing Droplet","Version":"1.0","Path":"/Library/Application Support/Script Editor/Templates/Droplets/Recursive File Processing Droplet.app","LastModified":"2024-02-02T17:19:31Z","ObtainedFrom":"unknown","SignedBy":null,"_Architecture":"arch_other"}
{"Name":"Droplet with Settable Properties","Version":"1.0","Path":"/Library/Application Support/Script Editor/Templates/Droplets/Droplet with Settable Properties.app","LastModified":"2024-02-02T17:19:31Z","ObtainedFrom":"unknown","SignedBy":null,"_Architecture":"arch_other"}
{"Name":"Recursive Image File Processing Droplet","Version":"1.0","Path":"/Library/Application Support/Script Editor/Templates/Droplets/Recursive Image File Processing Droplet.app","LastModified":"2024-02-02T17:19:31Z","ObtainedFrom":"unknown","SignedBy":null,"_Architecture":"arch_other"}
{"Name":"Cocoa-AppleScript Applet","Version":"1.0","Path":"/Library/Application Support/Script Editor/Templates/Cocoa-AppleScript Applet.app","LastModified":"2024-02-02T17:19:31Z","ObtainedFrom":"unknown","SignedBy":null,"_Architecture":"arch_arm_i64"}
{"Name":"XProtect","Version":"120","Path":"/Library/Apple/System/Library/CoreServices/XProtect.app","LastModified":"2024-02-02T17:19:31Z","ObtainedFrom":"apple","SignedBy":["Software Signing","Apple Code Signing Certification Authority","Apple Root CA"],"_Architecture":"arch_arm_i64"}
{"Name":"Python","Version":"3.9.6","Path":"/Library/Developer/CommandLineTools/Library/Frameworks/Python3.framework/Versions/3.9/Resources/Python.app","LastModified":"2025-02-10T06:23:03Z","ObtainedFrom":"apple","SignedBy":["Software Signing","Apple Code Signing Certification Authority","Apple Root CA"],"_Architecture":"arch_arm_i64"}
{"Name":"WindowManager","Version":"175.12","Path":"/System/Library/CoreServices/WindowManager.app","LastModified":"2024-02-02T17:19:31Z","ObtainedFrom":"apple","SignedBy":["Software Signing","Apple Code Signing Certification Authority","Apple Root CA"],"_Architecture":"arch_arm_i64"}
{"Name":"WindowManagerShowDesktopEducation","Version":"1.0","Path":"/System/Library/CoreServices/WindowManagerShowDesktopEducation.app","LastModified":"2024-02-02T17:19:31Z","ObtainedFrom":"apple","SignedBy":["Software Signing","Apple Code Signing Certification Authority","Apple Root CA"],"_Architecture":"arch_arm_i64"}
{"Name":"WorkoutAlert-Mac","Version":"1.0","Path":"/System/Library/CoreServices/WorkoutAlert-Mac.app","LastModified":"2024-02-02T17:19:31Z","ObtainedFrom":"apple","SignedBy":["Software Signing","Apple Code Signing Certification Authority","Apple Root CA"],"_Architecture":"arch_arm_i64"}
{"Name":"iCloud+","Version":"1.0","Path":"/System/Library/CoreServices/iCloud+.app","LastModified":"2024-02-02T17:19:31Z","ObtainedFrom":"apple","SignedBy":["Software Signing","Apple Code Signing Certification Authority","Apple Root CA"],"_Architecture":"arch_arm_i64"}
{"Name":"iCloud","Version":"1.0","Path":"/System/Library/CoreServices/iCloud.app","LastModified":"2024-02-02T17:19:31Z","ObtainedFrom":"apple","SignedBy":["Software Signing","Apple Code Signing Certification Authority","Apple Root CA"],"_Architecture":"arch_arm_i64"}
{"Name":"loginwindow","Version":"9.0","Path":"/System/Library/CoreServices/loginwindow.app","LastModified":"2024-02-02T17:19:31Z","ObtainedFrom":"apple","SignedBy":["Software Signing","Apple Code Signing Certification Authority","Apple Root CA"],"_Architecture":"arch_arm_i64"}
{"Name":"rcd","Version":"361","Path":"/System/Library/CoreServices/rcd.app","LastModified":"2024-02-02T17:19:31Z","ObtainedFrom":"apple","SignedBy":["Software Signing","Apple Code Signing Certification Authority","Apple Root CA"],"_Architecture":"arch_arm_i64"}
{"Name":"screencaptureui","Version":"1.0","Path":"/System/Library/CoreServices/screencaptureui.app","LastModified":"2024-02-02T17:19:31Z","ObtainedFrom":"apple","SignedBy":["Software Signing","Apple Code Signing Certification Authority","Apple Root CA"],"_Architecture":"arch_arm_i64"}
{"Name":"AddressBookSync","Version":"14.0","Path":"/System/Library/Frameworks/AddressBook.framework/Helpers/AddressBookSync.app","LastModified":"2024-02-02T17:19:31Z","ObtainedFrom":"apple","SignedBy":["Software Signing","Apple Code Signing Certification Authority","Apple Root CA"],"_Architecture":"arch_arm_i64"}
{"Name":"ABAssistantService","Version":"14.0","Path":"/System/Library/Frameworks/AddressBook.framework/Versions/A/Helpers/ABAssistantService.app","LastModified":"2024-02-02T17:19:31Z","ObtainedFrom":"apple","SignedBy":["Software Signing","Apple Code Signing Certification Authority","Apple Root CA"],"_Architecture":"arch_arm_i64"}
{"Name":"AddressBookManager","Version":"14.0","Path":"/System/Library/Frameworks/AddressBook.framework/Versions/A/Helpers/AddressBookManager.app","LastModified":"2024-02-02T17:19:31Z","ObtainedFrom":"apple","SignedBy":["Software Signing","Apple Code Signing Certification Authority","Apple Root CA"],"_Architecture":"arch_arm_i64"}
{"Name":"AddressBookSourceSync","Version":"14.0","Path":"/System/Library/Frameworks/AddressBook.framework/Versions/A/Helpers/AddressBookSourceSync.app","LastModified":"2024-02-02T17:19:31Z","ObtainedFrom":"apple","SignedBy":["Software Signing","Apple Code Signing Certification Authority","Apple Root CA"],"_Architecture":"arch_arm_i64"}
{"Name":"FontRegistryUIAgent","Version":"81.0","Path":"/System/Library/Frameworks/ApplicationServices.framework/Versions/A/Frameworks/ATS.framework/Versions/A/Support/FontRegistryUIAgent.app","LastModified":"2024-02-02T17:19:31Z","ObtainedFrom":"apple","SignedBy":["Software Signing","Apple Code Signing Certification Authority","Apple Root CA"],"_Architecture":"arch_arm_i64"}
{"Name":"System Speech","Version":"9.2.22","Path":"/System/Library/Frameworks/ApplicationServices.framework/Versions/A/Frameworks/SpeechSynthesis.framework/Versions/A/System Speech.app","LastModified":"2024-02-02T17:19:31Z","ObtainedFrom":"apple","SignedBy":["Software Signing","Apple Code Signing Certification Authority","Apple Root CA"],"_Architecture":"arch_arm_i64"}
{"Name":"CinematicFramingOnboardingUI","Version":"1.0","Path":"/System/Library/Frameworks/CoreMediaIO.framework/Versions/A/Resources/CinematicFramingOnboardingUI.app","LastModified":"2024-02-02T17:19:31Z","ObtainedFrom":"apple","SignedBy":["Software Signing","Apple Code Signing Certification Authority","Apple Root CA"],"_Architecture":"arch_arm_i64"}
{"Name":"ContinuityCaptureOnboardingUI","Version":"1.0","Path":"/System/Library/Frameworks/CoreMediaIO.framework/Versions/A/Resources/ContinuityCaptureOnboardingUI.app","LastModified":"2024-02-02T17:19:31Z","ObtainedFrom":"apple","SignedBy":["Software Signing","Apple Code Signing Certification Authority","Apple Root CA"],"_Architecture":"arch_arm_i64"}
{"Name":"SmartCard Pairing","Version":"1.0","Path":"/System/Library/Frameworks/CryptoTokenKit.framework/ctkbind.app","LastModified":"2024-02-02T17:19:31Z","ObtainedFrom":"apple","SignedBy":["Software Signing","Apple Code Signing Certification Authority","Apple Root CA"],"_Architecture":"arch_arm_i64"}
{"Name":"qlmanage","Version":"1.0","Path":"/System/Library/Frameworks/QuickLook.framework/Versions/A/Resources/qlmanage.app","LastModified":"2024-02-02T17:19:31Z","ObtainedFrom":"apple","SignedBy":["Software Signing","Apple Code Signing Certification Authority","Apple Root CA"],"_Architecture":"arch_arm_i64"}
{"Name":"quicklookd","Version":"5.0","Path":"/System/Library/Frameworks/QuickLook.framework/Versions/A/Resources/quicklookd.app","LastModified":"2024-02-02T17:19:31Z","ObtainedFrom":"apple","SignedBy":["Software Signing","Apple Code Signing Certification Authority","Apple Root CA"],"_Architecture":"arch_arm_i64"}
{"Name":"Quick Look Simulator","Version":"1.0","Path":"/System/Library/Frameworks/QuickLookUI.framework/Versions/A/Resources/Quick Look Simulator.app","LastModified":"2024-02-02T17:19:31Z","ObtainedFrom":"apple","SignedBy":["Software Signing","Apple Code Signing Certification Authority","Apple Root CA"],"_Architecture":"arch_arm_i64"}
{"Name":"QuickLookUIHelper","Version":"5.0","Path":"/System/Library/Frameworks/QuickLookUI.framework/Versions/A/Resources/QuickLookUIHelper.app","LastModified":"2024-02-02T17:19:31Z","ObtainedFrom":"apple","SignedBy":["Software Signing","Apple Code Signing Certification Authority","Apple Root CA"],"_Architecture":"arch_arm_i64"}
{"Name":"SyncServer","Version":"8.1","Path":"/System/Library/Frameworks/SyncServices.framework/Versions/A/Resources/SyncServer.app","LastModified":"2024-02-02T17:19:31Z","ObtainedFrom":"apple","SignedBy":["Software Signing","Apple Code Signing Certification Authority","Apple Root CA"],"_Architecture":"arch_arm_i64"}
{"Name":"Wish","Version":"8.5.9","Path":"/System/Library/Frameworks/Tk.framework/Versions/8.5/Resources/Wish.app","LastModified":"2024-02-02T17:19:31Z","ObtainedFrom":"apple","SignedBy":["Software Signing","Apple Code Signing Certification Authority","Apple Root CA"],"_Architecture":"arch_arm_i64"}
{"Name":"Build Web Page","Version":"10.1","Path":"/System/Library/Image Capture/Automatic Tasks/Build Web Page.app","LastModified":"2024-02-02T17:19:31Z","ObtainedFrom":"apple","SignedBy":["Software Signing","Apple Code Signing Certification Authority","Apple Root CA"],"_Architecture":"arch_arm_i64"}
{"Name":"MakePDF","Version":"10.1","Path":"/System/Library/Image Capture/Automatic Tasks/MakePDF.app","LastModified":"2024-02-02T17:19:31Z","ObtainedFrom":"apple","SignedBy":["Software Signing","Apple Code Signing Certification Authority","Apple Root CA"],"_Architecture":"arch_arm_i64"}
{"Name":"AirScanScanner","Version":"18","Path":"/System/Library/Image Capture/Devices/AirScanScanner.app","LastModified":"2024-02-02T17:19:31Z","ObtainedFrom":"apple","SignedBy":["Software Signing","Apple Code Signing Certification Authority","Apple Root CA"],"_Architecture":"arch_arm_i64"}
{"Name":"50onPaletteServer","Version":"1.1.0","Path":"/System/Library/Input Methods/50onPaletteServer.app","LastModified":"2024-02-02T17:19:31Z","ObtainedFrom":"apple","SignedBy":["Software Signing","Apple Code Signing Certification Authority","Apple Root CA"],"_Architecture":"arch_arm_i64"}
{"Name":"AinuIM","Version":"1.0","Path":"/System/Library/Input Methods/AinuIM.app","LastModified":"2024-02-02T17:19:31Z","ObtainedFrom":"apple","SignedBy":["Software Signing","Apple Code Signing Certification Authority","Apple Root CA"],"_Architecture":"arch_arm_i64"}
{"Name":"Assistive Control","Version":"2.0","Path":"/System/Library/Input Methods/Assistive Control.app","LastModified":"2024-02-02T17:19:31Z","ObtainedFrom":"apple","SignedBy":["Software Signing","Apple Code Signing Certification Authority","Apple Root CA"],"_Architecture":"arch_arm_i64"}
{"Name":"CharacterPalette","Version":"2.0.1","Path":"/System/Library/Input Methods/CharacterPalette.app","LastModified":"2024-02-02T17:19:31Z","ObtainedFrom":"apple","SignedBy":["Software Signing","Apple Code Signing Certification Authority","Apple Root CA"],"_Architecture":"arch_arm_i64"}
{"Name":"Dictation","Version":"6.1.82","Path":"/System/Library/Input Methods/DictationIM.app","LastModified":"2024-02-02T17:19:31Z","ObtainedFrom":"apple","SignedBy":["Software Signing","Apple Code Signing Certification Authority","Apple Root CA"],"_Architecture":"arch_arm_i64"}
{"Name":"EmojiFunctionRowIM","Version":"1.0","Path":"/System/Library/Input Methods/EmojiFunctionRowIM.app","LastModified":"2024-02-02T17:19:31Z","ObtainedFrom":"apple","SignedBy":["Software Signing","Apple Code Signing Certification Authority","Apple Root CA"],"_Architecture":"arch_arm_i64"}
{"Name":"JapaneseIM-KanaTyping","Version":"6.3","Path":"/System/Library/Input Methods/JapaneseIM-KanaTyping.app","LastModified":"2024-02-02T17:19:31Z","ObtainedFrom":"apple","SignedBy":["Software Signing","Apple Code Signing Certification Authority","Apple Root CA"],"_Architecture":"arch_arm_i64"}
{"Name":"JapaneseIM-RomajiTyping","Version":"6.3","Path":"/System/Library/Input Methods/JapaneseIM-RomajiTyping.app","LastModified":"2024-02-02T17:19:31Z","ObtainedFrom":"apple","SignedBy":["Software Signing","Apple Code Signing Certification Authority","Apple Root CA"],"_Architecture":"arch_arm_i64"}
{"Name":"KoreanIM","Version":"1.0","Path":"/System/Library/Input Methods/KoreanIM.app","LastModified":"2024-02-02T17:19:31Z","ObtainedFrom":"apple","SignedBy":["Software Signing","Apple Code Signing Certification Authority","Apple Root CA"],"_Architecture":"arch_arm_i64"}
{"Name":"PluginIM","Version":"25","Path":"/System/Library/Input Methods/PluginIM.app","LastModified":"2024-02-02T17:19:31Z","ObtainedFrom":"apple","SignedBy":["Software Signing","Apple Code Signing Certification Authority","Apple Root CA"],"_Architecture":"arch_arm_i64"}
{"Name":"PressAndHold","Version":"1.0","Path":"/System/Library/Input Methods/PressAndHold.app","LastModified":"2024-02-02T17:19:31Z","ObtainedFrom":"apple","SignedBy":["Software Signing","Apple Code Signing Certification Authority","Apple Root CA"],"_Architecture":"arch_arm_i64"}
{"Name":"SCIM","Version":"104","Path":"/System/Library/Input Methods/SCIM.app","LastModified":"2024-02-02T17:19:31Z","ObtainedFrom":"apple","SignedBy":["Software Signing","Apple Code Signing Certification Authority","Apple Root CA"],"_Architecture":"arch_arm_i64"}
{"Name":"TCIM","Version":"104","Path":"/System/Library/Input Methods/TCIM.app","LastModified":"2024-02-02T17:19:31Z","ObtainedFrom":"apple","SignedBy":["Software Signing","Apple Code Signing Certification Authority","Apple Root CA"],"_Architecture":"arch_arm_i64"}
{"Name":"TYIM","Version":"104","Path":"/System/Library/Input Methods/TYIM.app","LastModified":"2024-02-02T17:19:31Z","ObtainedFrom":"apple","SignedBy":["Software Signing","Apple Code Signing Certification Authority","Apple Root CA"],"_Architecture":"arch_arm_i64"}
{"Name":"TamilIM","Version":"1.6","Path":"/System/Library/Input Methods/TamilIM.app","LastModified":"2024-02-02T17:19:31Z","ObtainedFrom":"apple","SignedBy":["Software Signing","Apple Code Signing Certification Authority","Apple Root CA"],"_Architecture":"arch_arm_i64"}
{"Name":"TrackpadIM","Version":"1.0","Path":"/System/Library/Input Methods/TrackpadIM.app","LastModified":"2024-02-02T17:19:31Z","ObtainedFrom":"apple","SignedBy":["Software Signing","Apple Code Signing Certification Authority","Apple Root CA"],"_Architecture":"arch_arm_i64"}
{"Name":"TransliterationIM","Version":"1.0","Path":"/System/Library/Input Methods/TransliterationIM.app","LastModified":"2024-02-02T17:19:31Z","ObtainedFrom":"apple","SignedBy":["Software Signing","Apple Code Signing Certification Authority","Apple Root CA"],"_Architecture":"arch_arm_i64"}
{"Name":"VietnameseIM","Version":"1.0","Path":"/System/Library/Input Methods/VietnameseIM.app","LastModified":"2024-02-02T17:19:31Z","ObtainedFrom":"apple","SignedBy":["Software Signing","Apple Code Signing Certification Authority","Apple Root CA"],"_Architecture":"arch_arm_i64"}
{"Name":"iCloudUserNotificationsd","Version":"1.0","Path":"/System/Library/PrivateFrameworks/AOSAccounts.framework/Versions/A/Resources/iCloudUserNotificationsd.app","LastModified":"2024-02-02T17:19:31Z","ObtainedFrom":"apple","SignedBy":["Software Signing","Apple Code Signing Certification Authority","Apple Root CA"],"_Architecture":"arch_arm_i64"}
{"Name":"AOSAlertManager","Version":"1.07","Path":"/System/Library/PrivateFrameworks/AOSKit.framework/Versions/A/Helpers/AOSAlertManager.app","LastModified":"2024-02-02T17:19:31Z","ObtainedFrom":"apple","SignedBy":["Software Signing","Apple Code Signing Certification Authority","Apple Root CA"],"_Architecture":"arch_arm_i64"}
{"Name":"AOSHeartbeat","Version":"1.07","Path":"/System/Library/PrivateFrameworks/AOSKit.framework/Versions/A/Helpers/AOSHeartbeat.app","LastModified":"2024-02-02T17:19:31Z","ObtainedFrom":"apple","SignedBy":["Software Signing","Apple Code Signing Certification Authority","Apple Root CA"],"_Architecture":"arch_arm_i64"}
{"Name":"AOSPushRelay","Version":"1.07","Path":"/System/Library/PrivateFrameworks/AOSKit.framework/Versions/A/Helpers/AOSPushRelay.app","LastModified":"2024-02-02T17:19:31Z","ObtainedFrom":"apple","SignedBy":["Software Signing","Apple Code Signing Certification Authority","Apple Root CA"],"_Architecture":"arch_arm_i64"}
{"Name":"Live Captions","Version":"1.0","Path":"/System/Library/PrivateFrameworks/AccessibilitySharedSupport.framework/Versions/A/Resources/Live Captions.app","LastModified":"2024-02-02T17:19:31Z","ObtainedFrom":"apple","SignedBy":["Software Signing","Apple Code Signing Certification Authority","Apple Root CA"],"_Architecture":"arch_arm_i64"}
{"Name":"LiveSpeech","Version":"1.0","Path":"/System/Library/PrivateFrameworks/AccessibilitySharedSupport.framework/Versions/A/Resources/LiveSpeech.app","LastModified":"2024-02-02T17:19:31Z","ObtainedFrom":"apple","SignedBy":["Software Signing","Apple Code Signing Certification Authority","Apple Root CA"],"_Architecture":"arch_arm_i64"}
{"Name":"AccessibilityVisualsAgent","Version":"1.0","Path":"/System/Library/PrivateFrameworks/AccessibilitySupport.framework/Versions/A/Resources/AccessibilityVisualsAgent.app","LastModified":"2024-02-02T17:19:31Z","ObtainedFrom":"apple","SignedBy":["Software Signing","Apple Code Signing Certification Authority","Apple Root CA"],"_Architecture":"arch_arm_i64"}
{"Name":"Calibration Assistant","Version":"1.0","Path":"/System/Library/PrivateFrameworks/AmbientDisplay.framework/Versions/A/Resources/Calibration Assistant.app","LastModified":"2024-02-02T17:19:31Z","ObtainedFrom":"apple","SignedBy":["Software Signing","Apple Code Signing Certification Authority","Apple Root CA"],"_Architecture":"arch_arm_i64"}
{"Name":"AppSSOAgent","Version":"1.0","Path":"/System/Library/PrivateFrameworks/AppSSO.framework/Support/AppSSOAgent.app","LastModified":"2024-02-02T17:19:31Z","ObtainedFrom":"apple","SignedBy":["Software Signing","Apple Code Signing Certification Authority","Apple Root CA"],"_Architecture":"arch_arm_i64"}
{"Name":"KerberosMenuExtra","Version":"1.0","Path":"/System/Library/PrivateFrameworks/AppSSOKerberos.framework/Support/KerberosMenuExtra.app","LastModified":"2024-02-02T17:19:31Z","ObtainedFrom":"apple","SignedBy":["Software Signing","Apple Code Signing Certification Authority","Apple Root CA"],"_Architecture":"arch_arm_i64"}
{"Name":"AMSEngagementViewService","Version":"1.0","Path":"/System/Library/PrivateFrameworks/AppleMediaServicesUI.framework/Versions/A/Resources/AMSEngagementViewService.app","LastModified":"2024-02-02T17:19:31Z","ObtainedFrom":"apple","SignedBy":["Software Signing","Apple Code Signing Certification Authority","Apple Root CA"],"_Architecture":"arch_arm_i64"}
{"Name":"AskPermissionUI","Version":"1.0","Path":"/System/Library/PrivateFrameworks/AskPermission.framework/Versions/A/Resources/AskPermissionUI.app","LastModified":"2024-02-02T17:19:31Z","ObtainedFrom":"apple","SignedBy":["Software Signing","Apple Code Signing Certification Authority","Apple Root CA"],"_Architecture":"arch_arm_i64"}
{"Name":"AutoFillPanelService","Version":"1.0","Path":"/System/Library/PrivateFrameworks/AutoFillUI.framework/Contents/AutoFillPanelService.app","LastModified":"2024-02-02T17:19:31Z","ObtainedFrom":"apple","SignedBy":["Software Signing","Apple Code Signing Certification Authority","Apple Root CA"],"_Architecture":"arch_arm_i64"}
{"Name":"AutomationModeUI","Version":"1.0","Path":"/System/Library/PrivateFrameworks/AutomationMode.framework/AutomationModeUI.app","LastModified":"2024-02-02T17:19:31Z","ObtainedFrom":"apple","SignedBy":["Software Signing","Apple Code Signing Certification Authority","Apple Root CA"],"_Architecture":"arch_arm_i64"}
{"Name":"BackgroundTaskManagementAgent","Version":"1.0","Path":"/System/Library/PrivateFrameworks/BackgroundTaskManagement.framework/Support/BackgroundTaskManagementAgent.app","LastModified":"2024-02-02T17:19:31Z","ObtainedFrom":"apple","SignedBy":["Software Signing","Apple Code Signing Certification Authority","Apple Root CA"],"_Architecture":"arch_arm_i64"}
{"Name":"iCloud Drive","Version":"1.0","Path":"/System/Library/PrivateFrameworks/CloudDocsDaemon.framework/Versions/A/Resources/iCloud Drive.app","LastModified":"2024-02-02T17:19:31Z","ObtainedFrom":"apple","SignedBy":["Software Signing","Apple Code Signing Certification Authority","Apple Root CA"],"_Architecture":"arch_arm_i64"}
{"Name":"storeuid","Version":"1.0","Path":"/System/Library/PrivateFrameworks/CommerceKit.framework/Versions/A/Resources/storeuid.app","LastModified":"2024-02-02T17:19:31Z","ObtainedFrom":"apple","SignedBy":["Software Signing","Apple Code Signing Certification Authority","Apple Root CA"],"_Architecture":"arch_arm_i64"}
{"Name":"CIMFindInputCodeTool","Version":"104","Path":"/System/Library/PrivateFrameworks/CoreChineseEngine.framework/Versions/A/SharedSupport/CIMFindInputCodeTool.app","LastModified":"2024-02-02T17:19:31Z","ObtainedFrom":"apple","SignedBy":["Software Signing","Apple Code Signing Certification Authority","Apple Root CA"],"_Architecture":"arch_arm_i64"}
{"Name":"FollowUpUI","Version":"1.0","Path":"/System/Library/PrivateFrameworks/CoreFollowUp.framework/Versions/A/Resources/FollowUpUI.app","LastModified":"2024-02-02T17:19:31Z","ObtainedFrom":"apple","SignedBy":["Software Signing","Apple Code Signing Certification Authority","Apple Root CA"],"_Architecture":"arch_arm_i64"}
{"Name":"DiskImages UI Agent","Version":"649.80.1.0.1","Path":"/System/Library/PrivateFrameworks/DiskImages.framework/Versions/A/Resources/DiskImages UI Agent.app","LastModified":"2024-02-02T17:19:31Z","ObtainedFrom":"apple","SignedBy":["Software Signing","Apple Code Signing Certification Authority","Apple Root CA"],"_Architecture":"arch_arm_i64"}
{"Name":"eaptlstrust","Version":"13.0","Path":"/System/Library/PrivateFrameworks/EAP8021X.framework/Support/eaptlstrust.app","LastModified":"2024-02-02T17:19:31Z","ObtainedFrom":"apple","SignedBy":["Software Signing","Apple Code Signing Certification Authority","Apple Root CA"],"_Architecture":"arch_arm_i64"}
{"Name":"ParentalControls","Version":"4.1","Path":"/System/Library/PrivateFrameworks/FamilyControls.framework/Versions/A/Resources/ParentalControls.app","LastModified":"2024-02-02T17:19:31Z","ObtainedFrom":"apple","SignedBy":["Software Signing","Apple Code Signing Certification Authority","Apple Root CA"],"_Architecture":"arch_arm_i64"}
{"Name":"FindMyMacMessenger","Version":"4.1","Path":"/System/Library/PrivateFrameworks/FindMyMac.framework/Versions/A/Resources/FindMyMacMessenger.app","LastModified":"2024-02-02T17:19:31Z","ObtainedFrom":"apple","SignedBy":["Software Signing","Apple Code Signing Certification Authority","Apple Root CA"],"_Architecture":"arch_arm_i64"}
{"Name":"identityservicesd","Version":"10.0","Path":"/System/Library/PrivateFrameworks/IDS.framework/identityservicesd.app","LastModified":"2024-02-02T17:19:31Z","ObtainedFrom":"apple","SignedBy":["Software Signing","Apple Code Signing Certification Authority","Apple Root CA"],"_Architecture":"arch_arm_i64"}
{"Name":"IDSRemoteURLConnectionAgent","Version":"10.0","Path":"/System/Library/PrivateFrameworks/IDSFoundation.framework/IDSRemoteURLConnectionAgent.app","LastModified":"2024-02-02T17:19:31Z","ObtainedFrom":"apple","SignedBy":["Software Signing","Apple Code Signing Certification Authority","Apple Root CA"],"_Architecture":"arch_arm_i64"}
{"Name":"imagent","Version":"10.0","Path":"/System/Library/PrivateFrameworks/IMCore.framework/imagent.app","LastModified":"2024-02-02T17:19:31Z","ObtainedFrom":"apple","SignedBy":["Software Signing","Apple Code Signing Certification Authority","Apple Root CA"],"_Architecture":"arch_arm_i64"}
{"Name":"IMAutomaticHistoryDeletionAgent","Version":"10.0","Path":"/System/Library/PrivateFrameworks/IMDPersistence.framework/IMAutomaticHistoryDeletionAgent.app","LastModified":"2024-02-02T17:19:31Z","ObtainedFrom":"apple","SignedBy":["Software Signing","Apple Code Signing Certification Authority","Apple Root CA"],"_Architecture":"arch_arm_i64"}
{"Name":"IMTransferAgent","Version":"10.0","Path":"/System/Library/PrivateFrameworks/IMTransferServices.framework/IMTransferAgent.app","LastModified":"2024-02-02T17:19:31Z","ObtainedFrom":"apple","SignedBy":["Software Signing","Apple Code Signing Certification Authority","Apple Root CA"],"_Architecture":"arch_arm_i64"}
{"Name":"nbagent","Version":"1.0","Path":"/System/Library/PrivateFrameworks/Noticeboard.framework/Versions/A/Resources/nbagent.app","LastModified":"2024-02-02T17:19:31Z","ObtainedFrom":"apple","SignedBy":["Software Signing","Apple Code Signing Certification Authority","Apple Root CA"],"_Architecture":"arch_arm_i64"}
{"Name":"LinkedNotesUIService","Version":"1.0","Path":"/System/Library/PrivateFrameworks/PaperKit.framework/Contents/LinkedNotesUIService.app","LastModified":"2024-02-02T17:19:31Z","ObtainedFrom":"apple","SignedBy":["Software Signing","Apple Code Signing Certification Authority","Apple Root CA"],"_Architecture":"arch_arm_i64"}
{"Name":"ScreenReaderUIServer","Version":"10","Path":"/System/Library/PrivateFrameworks/ScreenReader.framework/Versions/A/Resources/ScreenReaderUIServer.app","LastModified":"2024-02-02T17:19:31Z","ObtainedFrom":"apple","SignedBy":["Software Signing","Apple Code Signing Certification Authority","Apple Root CA"],"_Architecture":"arch_arm_i64"}
{"Name":"VoiceOver Quickstart","Version":"10","Path":"/System/Library/PrivateFrameworks/ScreenReader.framework/Versions/A/Resources/VoiceOver Quickstart.app","LastModified":"2024-02-02T17:19:31Z","ObtainedFrom":"apple","SignedBy":["Software Signing","Apple Code Signing Certification Authority","Apple Root CA"],"_Architecture":"arch_arm_i64"}
{"Name":"AquaAppearanceHelper","Version":"1.0","Path":"/System/Library/PrivateFrameworks/SkyLight.framework/Versions/A/Resources/AquaAppearanceHelper.app","LastModified":"2024-02-02T17:19:31Z","ObtainedFrom":"apple","SignedBy":["Software Signing","Apple Code Signing Certification Authority","Apple Root CA"],"_Architecture":"arch_arm_i64"}
{"Name":"sociallayerd","Version":"1.0","Path":"/System/Library/PrivateFrameworks/SocialLayer.framework/sociallayerd.app","LastModified":"2024-02-02T17:19:31Z","ObtainedFrom":"apple","SignedBy":["Software Signing","Apple Code Signing Certification Authority","Apple Root CA"],"_Architecture":"arch_arm_i64"}
{"Name":"SoftwareUpdateNotificationManager","Version":"1.0","Path":"/System/Library/PrivateFrameworks/SoftwareUpdate.framework/Versions/A/Resources/SoftwareUpdateNotificationManager.app","LastModified":"2024-02-02T17:19:31Z","ObtainedFrom":"apple","SignedBy":["Software Signing","Apple Code Signing Certification Authority","Apple Root CA"],"_Architecture":"arch_arm_i64"}
{"Name":"Speech Downloader","Version":"9.0.68","Path":"/System/Library/PrivateFrameworks/SpeechObjects.framework/Versions/A/SpeechDataInstallerd.app","LastModified":"2024-02-02T17:19:31Z","ObtainedFrom":"apple","SignedBy":["Software Signing","Apple Code Signing Certification Authority","Apple Root CA"],"_Architecture":"arch_arm_i64"}
{"Name":"SpeechRecognitionServer","Version":"9.0.68","Path":"/System/Library/PrivateFrameworks/SpeechObjects.framework/Versions/A/SpeechRecognitionServer.app","LastModified":"2024-02-02T17:19:31Z","ObtainedFrom":"apple","SignedBy":["Software Signing","Apple Code Signing Certification Authority","Apple Root CA"],"_Architecture":"arch_arm_i64"}
{"Name":"STMUIHelper","Version":"1.0","Path":"/System/Library/PrivateFrameworks/StorageManagement.framework/Versions/A/Resources/STMUIHelper.app","LastModified":"2024-02-02T17:19:31Z","ObtainedFrom":"apple","SignedBy":["Software Signing","Apple Code Signing Certification Authority","Apple Root CA"],"_Architecture":"arch_arm_i64"}
{"Name":"Conflict Resolver","Version":"8.1","Path":"/System/Library/PrivateFrameworks/SyncServicesUI.framework/Versions/A/Resources/Conflict Resolver.app","LastModified":"2024-02-02T17:19:31Z","ObtainedFrom":"apple","SignedBy":["Software Signing","Apple Code Signing Certification Authority","Apple Root CA"],"_Architecture":"arch_arm_i64"}
{"Name":"syncuid","Version":"8.1","Path":"/System/Library/PrivateFrameworks/SyncServicesUI.framework/Versions/A/Resources/syncuid.app","LastModified":"2024-02-02T17:19:31Z","ObtainedFrom":"apple","SignedBy":["Software Signing","Apple Code Signing Certification Authority","Apple Root CA"],"_Architecture":"arch_arm_i64"}
{"Name":"AXVisualSupportAgent","Version":"1.0","Path":"/System/Library/PrivateFrameworks/UniversalAccess.framework/Versions/A/Resources/AXVisualSupportAgent.app","LastModified":"2024-02-02T17:19:31Z","ObtainedFrom":"apple","SignedBy":["Software Signing","Apple Code Signing Certification Authority","Apple Root CA"],"_Architecture":"arch_arm_i64"}
{"Name":"DFRHUD","Version":"1.0","Path":"/System/Library/PrivateFrameworks/UniversalAccess.framework/Versions/A/Resources/DFRHUD.app","LastModified":"2024-02-02T17:19:31Z","ObtainedFrom":"apple","SignedBy":["Software Signing","Apple Code Signing Certification Authority","Apple Root CA"],"_Architecture":"arch_arm_i64"}
{"Name":"Voice Control Guide","Version":"1.0","Path":"/System/Library/PrivateFrameworks/UniversalAccess.framework/Versions/A/Resources/Voice Control Guide.app","LastModified":"2024-02-02T17:19:31Z","ObtainedFrom":"apple","SignedBy":["Software Signing","Apple Code Signing Certification Authority","Apple Root CA"],"_Architecture":"arch_arm_i64"}
{"Name":"universalAccessAuthWarn","Version":"1.0","Path":"/System/Library/PrivateFrameworks/UniversalAccess.framework/Versions/A/Resources/universalAccessAuthWarn.app","LastModified":"2024-02-02T17:19:31Z","ObtainedFrom":"apple","SignedBy":["Software Signing","Apple Code Signing Certification Authority","Apple Root CA"],"_Architecture":"arch_arm_i64"}
{"Name":"UASharedPasteboardProgressUI","Version":"54.1","Path":"/System/Library/PrivateFrameworks/UserActivity.framework/Agents/UASharedPasteboardProgressUI.app","LastModified":"2024-02-02T17:19:31Z","ObtainedFrom":"apple","SignedBy":["Software Signing","Apple Code Signing Certification Authority","Apple Root CA"],"_Architecture":"arch_arm_i64"}
{"Name":"AppleSpell","Version":"2.4","Path":"/System/Library/Services/AppleSpell.service","LastModified":"2024-02-02T17:19:31Z","ObtainedFrom":"apple","SignedBy":["Software Signing","Apple Code Signing Certification Authority","Apple Root CA"],"_Architecture":"arch_arm_i64"}
{"Name":"ChineseTextConverterService","Version":"2.1","Path":"/System/Library/Services/ChineseTextConverterService.app","LastModified":"2024-02-02T17:19:31Z","ObtainedFrom":"apple","SignedBy":["Software Signing","Apple Code Signing Certification Authority","Apple Root CA"],"_Architecture":"arch_arm_i64"}
{"Name":"OpenSpell","Version":"1.0","Path":"/System/Library/Services/OpenSpell.service","LastModified":"2024-02-02T17:19:31Z","ObtainedFrom":"apple","SignedBy":["Software Signing","Apple Code Signing Certification Authority","Apple Root CA"],"_Architecture":"arch_arm_i64"}
{"Name":"SpeechService","Version":"9.2.22","Path":"/System/Library/Services/SpeechService.service","LastModified":"2024-02-02T17:19:31Z","ObtainedFrom":"apple","SignedBy":["Software Signing","Apple Code Signing Certification Authority","Apple Root CA"],"_Architecture":"arch_arm_i64"}
{"Name":"Spotlight","Version":"3.0","Path":"/System/Library/Services/Spotlight.service","LastModified":"2024-02-02T17:19:31Z","ObtainedFrom":"apple","SignedBy":["Software Signing","Apple Code Signing Certification Authority","Apple Root CA"],"_Architecture":"arch_arm_i64"}
{"Name":"Summary Service","Version":"2.0","Path":"/System/Library/Services/Summary Service.app","LastModified":"2024-02-02T17:19:31Z","ObtainedFrom":"apple","SignedBy":["Software Signing","Apple Code Signing Certification Authority","Apple Root CA"],"_Architecture":"arch_arm_i64"}
{"Name":"Photo Booth","Version":"13.1","Path":"/System/Applications/Photo Booth.app","LastModified":"2024-02-02T17:19:31Z","ObtainedFrom":"apple","SignedBy":["Software Signing","Apple Code Signing Certification Authority","Apple Root CA"],"_Architecture":"arch_arm_i64"}
{"Name":"Photos","Version":"9.0","Path":"/System/Applications/Photos.app","LastModified":"2024-02-02T17:19:31Z","ObtainedFrom":"apple","SignedBy":["Software Signing","Apple Code Signing Certification Authority","Apple Root CA"],"_Architecture":"arch_arm_i64"}
{"Name":"Podcasts","Version":"1.1.0","Path":"/System/Applications/Podcasts.app","LastModified":"2024-02-02T17:19:31Z","ObtainedFrom":"apple","SignedBy":["Software Signing","Apple Code Signing Certification Authority","Apple Root CA"],"_Architecture":"arch_arm_i64"}
{"Name":"Preview","Version":"11.0","Path":"/System/Applications/Preview.app","LastModified":"2024-02-02T17:19:31Z","ObtainedFrom":"apple","SignedBy":["Software Signing","Apple Code Signing Certification Authority","Apple Root CA"],"_Architecture":"arch_arm_i64"}
{"Name":"QuickTime Player","Version":"10.5","Path":"/System/Applications/QuickTime Player.app","LastModified":"2024-02-02T17:19:31Z","ObtainedFrom":"apple","SignedBy":["Software Signing","Apple Code Signing Certification Authority","Apple Root CA"],"_Architecture":"arch_arm_i64"}
{"Name":"Reminders","Version":"7.0","Path":"/System/Applications/Reminders.app","LastModified":"2024-02-02T17:19:31Z","ObtainedFrom":"apple","SignedBy":["Software Signing","Apple Code Signing Certification Authority","Apple Root CA"],"_Architecture":"arch_arm_i64"}
{"Name":"Shortcuts","Version":"7.0","Path":"/System/Applications/Shortcuts.app","LastModified":"2024-02-02T17:19:31Z","ObtainedFrom":"apple","SignedBy":["Software Signing","Apple Code Signing Certification Authority","Apple Root CA"],"_Architecture":"arch_arm_i64"}
{"Name":"Siri","Version":"1.0","Path":"/System/Applications/Siri.app","LastModified":"2024-02-02T17:19:31Z","ObtainedFrom":"apple","SignedBy":["Software Signing","Apple Code Signing Certification Authority","Apple Root CA"],"_Architecture":"arch_arm_i64"}
{"Name":"Stickies","Version":"10.2","Path":"/System/Applications/Stickies.app","LastModified":"2024-02-02T17:19:31Z","ObtainedFrom":"apple","SignedBy":["Software Signing","Apple Code Signing Certification Authority","Apple Root CA"],"_Architecture":"arch_arm_i64"}
{"Name":"Stocks","Version":"6.2.1","Path":"/System/Applications/Stocks.app","LastModified":"2024-02-02T17:19:31Z","ObtainedFrom":"apple","SignedBy":["Software Signing","Apple Code Signing Certification Authority","Apple Root CA"],"_Architecture":"arch_arm_i64"}
{"Name":"System Settings","Version":"15.0","Path":"/System/Applications/System Settings.app","LastModified":"2024-02-02T17:19:31Z","ObtainedFrom":"apple","SignedBy":["Software Signing","Apple Code Signing Certification Authority","Apple Root CA"],"_Architecture":"arch_arm_i64"}
{"Name":"TV","Version":"1.4.3","Path":"/System/Applications/TV.app","LastModified":"2024-02-02T17:19:31Z","ObtainedFrom":"apple","SignedBy":["Software Signing","Apple Code Signing Certification Authority","Apple Root CA"],"_Architecture":"arch_arm_i64"}
{"Name":"TextEdit","Version":"1.19","Path":"/System/Applications/TextEdit.app","LastModified":"2024-02-02T17:19:31Z","ObtainedFrom":"apple","SignedBy":["Software Signing","Apple Code Signing Certification Authority","Apple Root CA"],"_Architecture":"arch_arm_i64"}
{"Name":"Time Machine","Version":"1.3","Path":"/System/Applications/Time Machine.app","LastModified":"2024-02-02T17:19:31Z","ObtainedFrom":"apple","SignedBy":["Software Signing","Apple Code Signing Certification Authority","Apple Root CA"],"_Architecture":"arch_arm_i64"}
{"Name":"Activity Monitor","Version":"10.14","Path":"/System/Applications/Utilities/Activity Monitor.app","LastModified":"2024-02-02T17:19:31Z","ObtainedFrom":"apple","SignedBy":["Software Signing","Apple Code Signing Certification Authority","Apple Root CA"],"_Architecture":"arch_arm_i64"}
{"Name":"AirPort Utility","Version":"6.3.9","Path":"/System/Applications/Utilities/AirPort Utility.app","LastModified":"2024-02-02T17:19:31Z","ObtainedFrom":"apple","SignedBy":["Software Signing","Apple Code Signing Certification Authority","Apple Root CA"],"_Architecture":"arch_arm_i64"}
{"Name":"Audio MIDI Setup","Version":"3.6","Path":"/System/Applications/Utilities/Audio MIDI Setup.app","LastModified":"2024-02-02T17:19:31Z","ObtainedFrom":"apple","SignedBy":["Software Signing","Apple Code Signing Certification Authority","Apple Root CA"],"_Architecture":"arch_arm_i64"}
{"Name":"Bluetooth File Exchange","Version":"9.0","Path":"/System/Applications/Utilities/Bluetooth File Exchange.app","LastModified":"2024-02-02T17:19:31Z","ObtainedFrom":"apple","SignedBy":["Software Signing","Apple Code Signing Certification Authority","Apple Root CA"],"_Architecture":"arch_arm_i64"}
{"Name":"Boot Camp Assistant","Version":"6.1.0","Path":"/System/Applications/Utilities/Boot Camp Assistant.app","LastModified":"2024-02-02T17:19:31Z","ObtainedFrom":"apple","SignedBy":["Software Signing","Apple Code Signing Certification Authority","Apple Root CA"],"_Architecture":"arch_arm_i64"}
{"Name":"ColorSync Utility","Version":"12.0.0","Path":"/System/Applications/Utilities/ColorSync Utility.app","LastModified":"2024-02-02T17:19:31Z","ObtainedFrom":"apple","SignedBy":["Software Signing","Apple Code Signing Certification Authority","Apple Root CA"],"_Architecture":"arch_arm_i64"}
{"Name":"Console","Version":"1.1","Path":"/System/Applications/Utilities/Console.app","LastModified":"2024-02-02T17:19:31Z","ObtainedFrom":"apple","SignedBy":["Software Signing","Apple Code Signing Certification Authority","Apple Root CA"],"_Architecture":"arch_arm_i64"}
{"Name":"Digital Color Meter","Version":"5.22","Path":"/System/Applications/Utilities/Digital Color Meter.app","LastModified":"2024-02-02T17:19:31Z","ObtainedFrom":"apple","SignedBy":["Software Signing","Apple Code Signing Certification Authority","Apple Root CA"],"_Architecture":"arch_arm_i64"}
{"Name":"Disk Utility","Version":"22.6","Path":"/System/Applications/Utilities/Disk Utility.app","LastModified":"2024-02-02T17:19:31Z","ObtainedFrom":"apple","SignedBy":["Software Signing","Apple Code Signing Certification Authority","Apple Root CA"],"_Architecture":"arch_arm_i64"}
{"Name":"Grapher","Version":"2.7","Path":"/System/Applications/Utilities/Grapher.app","LastModified":"2024-02-02T17:19:31Z","ObtainedFrom":"apple","SignedBy":["Software Signing","Apple Code Signing Certification Authority","Apple Root CA"],"_Architecture":"arch_arm_i64"}
{"Name":"Keychain Access","Version":"11.0","Path":"/System/Applications/Utilities/Keychain Access.app","LastModified":"2024-02-02T17:19:31Z","ObtainedFrom":"apple","SignedBy":["Software Signing","Apple Code Signing Certification Authority","Apple Root CA"],"_Architecture":"arch_arm_i64"}
{"Name":"Migration Assistant","Version":"14.3","Path":"/System/Applications/Utilities/Migration Assistant.app","LastModified":"2024-02-02T17:19:31Z","ObtainedFrom":"apple","SignedBy":["Software Signing","Apple Code Signing Certification Authority","Apple Root CA"],"_Architecture":"arch_arm_i64"}
{"Name":"Print Center","Version":"1.0","Path":"/System/Applications/Utilities/Print Center.app","LastModified":"2024-02-02T17:19:31Z","ObtainedFrom":"apple","SignedBy":["Software Signing","Apple Code Signing Certification Authority","Apple Root CA"],"_Architecture":"arch_arm_i64"}
{"Name":"Screen Sharing","Version":"4.1","Path":"/System/Applications/Utilities/Screen Sharing.app","LastModified":"2024-02-02T17:19:31Z","ObtainedFrom":"apple","SignedBy":["Software Signing","Apple Code Signing Certification Authority","Apple Root CA"],"_Architecture":"arch_arm_i64"}
{"Name":"Screenshot","Version":"1.0","Path":"/System/Applications/Utilities/Screenshot.app","LastModified":"2024-02-02T17:19:31Z","ObtainedFrom":"apple","SignedBy":["Software Signing","Apple Code Signing Certification Authority","Apple Root CA"],"_Architecture":"arch_arm_i64"}
{"Name":"Script Editor","Version":"2.11","Path":"/System/Applications/Utilities/Script Editor.app","LastModified":"2024-02-02T17:19:31Z","ObtainedFrom":"apple","SignedBy":["Software Signing","Apple Code Signing Certification Authority","Apple Root CA"],"_Architecture":"arch_arm_i64"}
{"Name":"System Information","Version":"11.0","Path":"/System/Applications/Utilities/System Information.app","LastModified":"2024-02-02T17:19:31Z","ObtainedFrom":"apple","SignedBy":["Software Signing","Apple Code Signing Certification Authority","Apple Root CA"],"_Architecture":"arch_arm_i64"}
{"Name":"Terminal","Version":"2.14","Path":"/System/Applications/Utilities/Terminal.app","LastModified":"2024-02-02T17:19:31Z","ObtainedFrom":"apple","SignedBy":["Software Signing","Apple Code Signing Certification Authority","Apple Root CA"],"_Architecture":"arch_arm_i64"}
{"Name":"VoiceOver Utility","Version":"10","Path":"/System/Applications/Utilities/VoiceOver Utility.app","LastModified":"2024-02-02T17:19:31Z","ObtainedFrom":"apple","SignedBy":["Software Signing","Apple Code Signing Certification Authority","Apple Root CA"],"_Architecture":"arch_arm_i64"}
{"Name":"Voice Memos","Version":"2.4","Path":"/System/Applications/VoiceMemos.app","LastModified":"2024-02-02T17:19:31Z","ObtainedFrom":"apple","SignedBy":["Software Signing","Apple Code Signing Certification Authority","Apple Root CA"],"_Architecture":"arch_arm_i64"}
{"Name":"Weather","Version":"4.2.1","Path":"/System/Applications/Weather.app","LastModified":"2024-02-02T17:19:31Z","ObtainedFrom":"apple","SignedBy":["Software Signing","Apple Code Signing Certification Authority","Apple Root CA"],"_Architecture":"arch_arm_i64"}
{"Name":"About This Mac","Version":"1.0","Path":"/System/Library/CoreServices/Applications/About This Mac.app","LastModified":"2024-02-02T17:19:31Z","ObtainedFrom":"apple","SignedBy":["Software Signing","Apple Code Signing Certification Authority","Apple Root CA"],"_Architecture":"arch_arm_i64"}
{"Name":"Archive Utility","Version":"10.15","Path":"/System/Library/CoreServices/Applications/Archive Utility.app","LastModified":"2024-02-02T17:19:31Z","ObtainedFrom":"apple","SignedBy":["Software Signing","Apple Code Signing Certification Authority","Apple Root CA"],"_Architecture":"arch_arm_i64"}
{"Name":"DVD Player","Version":"6.0","Path":"/System/Library/CoreServices/Applications/DVD Player.app","LastModified":"2024-02-02T17:19:31Z","ObtainedFrom":"apple","SignedBy":["Software Signing","Apple Code Signing Certification Authority","Apple Root CA"],"_Architecture":"arch_arm_i64"}
{"Name":"Desk View","Version":"1.0","Path":"/System/Library/CoreServices/Applications/Desk View.app","LastModified":"2024-02-02T17:19:31Z","ObtainedFrom":"apple","SignedBy":["Software Signing","Apple Code Signing Certification Authority","Apple Root CA"],"_Architecture":"arch_arm_i64"}
{"Name":"Directory Utility","Version":"6.4","Path":"/System/Library/CoreServices/Applications/Directory Utility.app","LastModified":"2024-02-02T17:19:31Z","ObtainedFrom":"apple","SignedBy":["Software Signing","Apple Code Signing Certification Authority","Apple Root CA"],"_Architecture":"arch_arm_i64"}
{"Name":"Expansion Slot Utility","Version":"2.0","Path":"/System/Library/CoreServices/Applications/Expansion Slot Utility.app","LastModified":"2024-02-02T17:19:31Z","ObtainedFrom":"apple","SignedBy":["Software Signing","Apple Code Signing Certification Authority","Apple Root CA"],"_Architecture":"arch_arm_i64"}
{"Name":"Feedback Assistant","Version":"5.1","Path":"/System/Library/CoreServices/Applications/Feedback Assistant.app","LastModified":"2024-02-02T17:19:31Z","ObtainedFrom":"apple","SignedBy":["Software Signing","Apple Code Signing Certification Authority","Apple Root CA"],"_Architecture":"arch_arm_i64"}
{"Name":"Folder Actions Setup","Version":"1.2","Path":"/System/Library/CoreServices/Applications/Folder Actions Setup.app","LastModified":"2024-02-02T17:19:31Z","ObtainedFrom":"apple","SignedBy":["Software Signing","Apple Code Signing Certification Authority","Apple Root CA"],"_Architecture":"arch_arm_i64"}
{"Name":"App Store","Version":"3.0","Path":"/System/Applications/App Store.app","LastModified":"2024-02-02T17:19:31Z","ObtainedFrom":"apple","SignedBy":["Software Signing","Apple Code Signing Certification Authority","Apple Root CA"],"_Architecture":"arch_arm_i64"}
{"Name":"Automator","Version":"2.10","Path":"/System/Applications/Automator.app","LastModified":"2024-02-02T17:19:31Z","ObtainedFrom":"apple","SignedBy":["Software Signing","Apple Code Signing Certification Authority","Apple Root CA"],"_Architecture":"arch_arm_i64"}
{"Name":"Books","Version":"6.2","Path":"/System/Applications/Books.app","LastModified":"2024-02-02T17:19:31Z","ObtainedFrom":"apple","SignedBy":["Software Signing","Apple Code Signing Certification Authority","Apple Root CA"],"_Architecture":"arch_arm_i64"}
{"Name":"Calculator","Version":"10.16","Path":"/System/Applications/Calculator.app","LastModified":"2024-02-02T17:19:31Z","ObtainedFrom":"apple","SignedBy":["Software Signing","Apple Code Signing Certification Authority","Apple Root CA"],"_Architecture":"arch_arm_i64"}
{"Name":"Calendar","Version":"14.0","Path":"/System/Applications/Calendar.app","LastModified":"2024-02-02T17:19:31Z","ObtainedFrom":"apple","SignedBy":["Software Signing","Apple Code Signing Certification Authority","Apple Root CA"],"_Architecture":"arch_arm_i64"}
{"Name":"Chess","Version":"3.18","Path":"/System/Applications/Chess.app","LastModified":"2024-02-02T17:19:31Z","ObtainedFrom":"apple","SignedBy":["Software Signing","Apple Code Signing Certification Authority","Apple Root CA"],"_Architecture":"arch_arm_i64"}
{"Name":"Clock","Version":"1.1","Path":"/System/Applications/Clock.app","LastModified":"2024-02-02T17:19:31Z","ObtainedFrom":"apple","SignedBy":["Software Signing","Apple Code Signing Certification Authority","Apple Root CA"],"_Architecture":"arch_arm_i64"}
{"Name":"Contacts","Version":"14.0","Path":"/System/Applications/Contacts.app","LastModified":"2024-02-02T17:19:31Z","ObtainedFrom":"apple","SignedBy":["Software Signing","Apple Code Signing Certification Authority","Apple Root CA"],"_Architecture":"arch_arm_i64"}
{"Name":"Dictionary","Version":"2.3.0","Path":"/System/Applications/Dictionary.app","LastModified":"2024-02-02T17:19:31Z","ObtainedFrom":"apple","SignedBy":["Software Signing","Apple Code Signing Certification Authority","Apple Root CA"],"_Architecture":"arch_arm_i64"}
{"Name":"FaceTime","Version":"5.0","Path":"/System/Applications/FaceTime.app","LastModified":"2024-02-02T17:19:31Z","ObtainedFrom":"apple","SignedBy":["Software Signing","Apple Code Signing Certification Authority","Apple Root CA"],"_Architecture":"arch_arm_i64"}
{"Name":"Find My","Version":"4.0","Path":"/System/Applications/FindMy.app","LastModified":"2024-02-02T17:19:31Z","ObtainedFrom":"apple","SignedBy":["Software Signing","Apple Code Signing Certification Authority","Apple Root CA"],"_Architecture":"arch_arm_i64"}
{"Name":"Font Book","Version":"11.0","Path":"/System/Applications/Font Book.app","LastModified":"2024-02-02T17:19:31Z","ObtainedFrom":"apple","SignedBy":["Software Signing","Apple Code Signing Certification Authority","Apple Root CA"],"_Architecture":"arch_arm_i64"}
{"Name":"Freeform","Version":"2.2","Path":"/System/Applications/Freeform.app","LastModified":"2024-02-02T17:19:31Z","ObtainedFrom":"apple","SignedBy":["Software Signing","Apple Code Signing Certification Authority","Apple Root CA"],"_Architecture":"arch_arm_i64"}
{"Name":"Home","Version":"8.0","Path":"/System/Applications/Home.app","LastModified":"2024-02-02T17:19:31Z","ObtainedFrom":"apple","SignedBy":["Software Signing","Apple Code Signing Certification Authority","Apple Root CA"],"_Architecture":"arch_arm_i64"}
{"Name":"Image Capture","Version":"8.0","Path":"/System/Applications/Image Capture.app","LastModified":"2024-02-02T17:19:31Z","ObtainedFrom":"apple","SignedBy":["Software Signing","Apple Code Signing Certification Authority","Apple Root CA"],"_Architecture":"arch_arm_i64"}
{"Name":"Launchpad","Version":"1.0","Path":"/System/Applications/Launchpad.app","LastModified":"2024-02-02T17:19:31Z","ObtainedFrom":"apple","SignedBy":["Software Signing","Apple Code Signing Certification Authority","Apple Root CA"],"_Architecture":"arch_arm_i64"}
{"Name":"Mail","Version":"16.0","Path":"/System/Applications/Mail.app","LastModified":"2024-02-02T17:19:31Z","ObtainedFrom":"apple","SignedBy":["Software Signing","Apple Code Signing Certification Authority","Apple Root CA"],"_Architecture":"arch_arm_i64"}
{"Name":"Maps","Version":"3.0","Path":"/System/Applications/Maps.app","LastModified":"2024-02-02T17:19:31Z","ObtainedFrom":"apple","SignedBy":["Software Signing","Apple Code Signing Certification Authority","Apple Root CA"],"_Architecture":"arch_arm_i64"}
{"Name":"Messages","Version":"14.0","Path":"/System/Applications/Messages.app","LastModified":"2024-02-02T17:19:31Z","ObtainedFrom":"apple","SignedBy":["Software Signing","Apple Code Signing Certification Authority","Apple Root CA"],"_Architecture":"arch_arm_i64"}
{"Name":"Mission Control","Version":"1.2","Path":"/System/Applications/Mission Control.app","LastModified":"2024-02-02T17:19:31Z","ObtainedFrom":"apple","SignedBy":["Software Signing","Apple Code Signing Certification Authority","Apple Root CA"],"_Architecture":"arch_arm_i64"}
{"Name":"Music","Version":"1.4.3","Path":"/System/Applications/Music.app","LastModified":"2024-02-02T17:19:31Z","ObtainedFrom":"apple","SignedBy":["Software Signing","Apple Code Signing Certification Authority","Apple Root CA"],"_Architecture":"arch_arm_i64"}
{"Name":"News","Version":"9.3","Path":"/System/Applications/News.app","LastModified":"2024-02-02T17:19:31Z","ObtainedFrom":"apple","SignedBy":["Software Signing","Apple Code Signing Certification Authority","Apple Root CA"],"_Architecture":"arch_arm_i64"}
{"Name":"Notes","Version":"4.11","Path":"/System/Applications/Notes.app","LastModified":"2024-02-02T17:19:31Z","ObtainedFrom":"apple","SignedBy":["Software Signing","Apple Code Signing Certification Authority","Apple Root CA"],"_Architecture":"arch_arm_i64"}
{"Name":"Ticket Viewer","Version":"4.1","Path":"/System/Library/CoreServices/Applications/Ticket Viewer.app","LastModified":"2024-02-02T17:19:31Z","ObtainedFrom":"apple","SignedBy":["Software Signing","Apple Code Signing Certification Authority","Apple Root CA"],"_Architecture":"arch_arm_i64"}
{"Name":"Wireless Diagnostics","Version":"11.0","Path":"/System/Library/CoreServices/Applications/Wireless Diagnostics.app","LastModified":"2024-02-02T17:19:31Z","ObtainedFrom":"apple","SignedBy":["Software Signing","Apple Code Signing Certification Authority","Apple Root CA"],"_Architecture":"arch_arm_i64"}
{"Name":"iOS App Installer","Version":"1.0","Path":"/System/Library/CoreServices/Applications/iOS App Installer.app","LastModified":"2024-02-02T17:19:31Z","ObtainedFrom":"apple","SignedBy":["Software Signing","Apple Code Signing Certification Authority","Apple Root CA"],"_Architecture":"arch_arm_i64"}
{"Name":"Finder","Version":"14.3","Path":"/System/Library/CoreServices/Finder.app","LastModified":"2024-02-02T17:19:31Z","ObtainedFrom":"apple","SignedBy":["Software Signing","Apple Code Signing Certification Authority","Apple Root CA"],"_Architecture":"arch_arm_i64"}
{"Name":"AirDrop","Version":"14.3","Path":"/System/Library/CoreServices/Finder.app/Contents/Applications/AirDrop.app","LastModified":"2024-02-02T17:19:31Z","ObtainedFrom":"apple","SignedBy":["Software Signing","Apple Code Signing Certification Authority","Apple Root CA"],"_Architecture":"arch_arm_i64"}
{"Name":"Computer","Version":"14.3","Path":"/System/Library/CoreServices/Finder.app/Contents/Applications/Computer.app","LastModified":"2024-02-02T17:19:31Z","ObtainedFrom":"apple","SignedBy":["Software Signing","Apple Code Signing Certification Authority","Apple Root CA"],"_Architecture":"arch_arm_i64"}
{"Name":"Network","Version":"14.3","Path":"/System/Library/CoreServices/Finder.app/Contents/Applications/Network.app","LastModified":"2024-02-02T17:19:31Z","ObtainedFrom":"apple","SignedBy":["Software Signing","Apple Code Signing Certification Authority","Apple Root CA"],"_Architecture":"arch_arm_i64"}
{"Name":"Recents","Version":"14.3","Path":"/System/Library/CoreServices/Finder.app/Contents/Applications/Recents.app","LastModified":"2024-02-02T17:19:31Z","ObtainedFrom":"apple","SignedBy":["Software Signing","Apple Code Signing Certification Authority","Apple Root CA"],"_Architecture":"arch_arm_i64"}
{"Name":"iCloud Drive","Version":"14.3","Path":"/System/Library/CoreServices/Finder.app/Contents/Applications/iCloud Drive.app","LastModified":"2024-02-02T17:19:31Z","ObtainedFrom":"apple","SignedBy":["Software Signing","Apple Code Signing Certification Authority","Apple Root CA"],"_Architecture":"arch_arm_i64"}
{"Name":"Help Viewer","Version":"7.0","Path":"/System/Library/CoreServices/Help Viewer.app","LastModified":"2024-02-02T17:19:31Z","ObtainedFrom":"apple","SignedBy":["Software Signing","Apple Code Signing Certification Authority","Apple Root CA"],"_Architecture":"arch_arm_i64"}
{"Name":"Tips","Version":"10.0","Path":"/System/Library/CoreServices/Tips.app","LastModified":"2024-02-02T17:19:31Z","ObtainedFrom":"apple","SignedBy":["Software Signing","Apple Code Signing Certification Authority","Apple Root CA"],"_Architecture":"arch_arm_i64"}
{"Name":"ClassroomStudentMenuExtra","Version":"1.0","Path":"/System/Library/Classroom/ClassroomStudentMenuExtra.app","LastModified":"2024-02-02T17:19:31Z","ObtainedFrom":"apple","SignedBy":["Software Signing","Apple Code Signing Certification Authority","Apple Root CA"],"_Architecture":"arch_arm_i64"}
{"Name":"Display Calibrator","Version":"4.18","Path":"/System/Library/ColorSync/Calibrators/Display Calibrator.app","LastModified":"2024-02-02T17:19:31Z","ObtainedFrom":"apple","SignedBy":["Software Signing","Apple Code Signing Certification Authority","Apple Root CA"],"_Architecture":"arch_arm_i64"}
{"Name":"AOSUIPrefPaneLauncher","Version":"1.0","Path":"/System/Library/CoreServices/AOSUIPrefPaneLauncher.app","LastModified":"2024-02-02T17:19:31Z","ObtainedFrom":"apple","SignedBy":["Software Signing","Apple Code Signing Certification Authority","Apple Root CA"],"_Architecture":"arch_arm_i64"}
{"Name":"AVB Configuration","Version":"1220.1","Path":"/System/Library/CoreServices/AVB Configuration.app","LastModified":"2024-02-02T17:19:31Z","ObtainedFrom":"apple","SignedBy":["Software Signing","Apple Code Signing Certification Authority","Apple Root CA"],"_Architecture":"arch_arm_i64"}
{"Name":"Add Printer","Version":"607","Path":"/System/Library/CoreServices/AddPrinter.app","LastModified":"2024-02-02T17:19:31Z","ObtainedFrom":"apple","SignedBy":["Software Signing","Apple Code Signing Certification Authority","Apple Root CA"],"_Architecture":"arch_arm_i64"}
{"Name":"AddressBookUrlForwarder","Version":"14.0","Path":"/System/Library/CoreServices/AddressBookUrlForwarder.app","LastModified":"2024-02-02T17:19:31Z","ObtainedFrom":"apple","SignedBy":["Software Signing","Apple Code Signing Certification Authority","Apple Root CA"],"_Architecture":"arch_arm_i64"}
{"Name":"AirPlayUIAgent","Version":"2.0","Path":"/System/Library/CoreServices/AirPlayUIAgent.app","LastModified":"2024-02-02T17:19:31Z","ObtainedFrom":"apple","SignedBy":["Software Signing","Apple Code Signing Certification Authority","Apple Root CA"],"_Architecture":"arch_arm_i64"}
{"Name":"AirPort Base Station Agent","Version":"2.2.1","Path":"/System/Library/CoreServices/AirPort Base Station Agent.app","LastModified":"2024-02-02T17:19:31Z","ObtainedFrom":"apple","SignedBy":["Software Signing","Apple Code Signing Certification Authority","Apple Root CA"],"_Architecture":"arch_arm_i64"}
{"Name":"AppleScript Utility","Version":"1.1.2","Path":"/System/Library/CoreServices/AppleScript Utility.app","LastModified":"2024-02-02T17:19:31Z","ObtainedFrom":"apple","SignedBy":["Software Signing","Apple Code Signing Certification Authority","Apple Root CA"],"_Architecture":"arch_arm_i64"}
{"Name":"AskToMessagesHost","Version":"1.0","Path":"/System/Library/CoreServices/AskToMessagesHost.app","LastModified":"2024-02-02T17:19:31Z","ObtainedFrom":"apple","SignedBy":["Software Signing","Apple Code Signing Certification Authority","Apple Root CA"],"_Architecture":"arch_arm_i64"}
{"Name":"Automator Application Stub","Version":"1.3","Path":"/System/Library/CoreServices/Automator Application Stub.app","LastModified":"2024-02-02T17:19:31Z","ObtainedFrom":"unknown","SignedBy":null,"_Architecture":"arch_arm_i64"}
{"Name":"Automator Installer","Version":"2.10","Path":"/System/Library/CoreServices/Automator Installer.app","LastModified":"2024-02-02T17:19:31Z","ObtainedFrom":"apple","SignedBy":["Software Signing","Apple Code Signing Certification Authority","Apple Root CA"],"_Architecture":"arch_arm_i64"}
{"Name":"Batteries","Version":"1.0","Path":"/System/Library/CoreServices/Batteries.app","LastModified":"2024-02-02T17:19:31Z","ObtainedFrom":"apple","SignedBy":["Software Signing","Apple Code Signing Certification Authority","Apple Root CA"],"_Architecture":"arch_arm_i64"}
{"Name":"Bluetooth Setup Assistant","Version":"9.0","Path":"/System/Library/CoreServices/BluetoothSetupAssistant.app","LastModified":"2024-02-02T17:19:31Z","ObtainedFrom":"apple","SignedBy":["Software Signing","Apple Code Signing Certification Authority","Apple Root CA"],"_Architecture":"arch_arm_i64"}
{"Name":"BluetoothUIServer","Version":"9.0","Path":"/System/Library/CoreServices/BluetoothUIServer.app","LastModified":"2024-02-02T17:19:31Z","ObtainedFrom":"apple","SignedBy":["Software Signing","Apple Code Signing Certification Authority","Apple Root CA"],"_Architecture":"arch_arm_i64"}
{"Name":"BluetoothUIService","Version":"1.0","Path":"/System/Library/CoreServices/BluetoothUIService.app","LastModified":"2024-02-02T17:19:31Z","ObtainedFrom":"apple","SignedBy":["Software Signing","Apple Code Signing Certification Authority","Apple Root CA"],"_Architecture":"arch_arm_i64"}
{"Name":"CalendarFileHandler","Version":"8.0","Path":"/System/Library/CoreServices/CalendarFileHandler.app","LastModified":"2024-02-02T17:19:31Z","ObtainedFrom":"apple","SignedBy":["Software Signing","Apple Code Signing Certification Authority","Apple Root CA"],"_Architecture":"arch_arm_i64"}
{"Name":"Captive Network Assistant","Version":"5.0","Path":"/System/Library/CoreServices/Captive Network Assistant.app","LastModified":"2024-02-02T17:19:31Z","ObtainedFrom":"apple","SignedBy":["Software Signing","Apple Code Signing Certification Authority","Apple Root CA"],"_Architecture":"arch_arm_i64"}
{"Name":"Certificate Assistant","Version":"5.0","Path":"/System/Library/CoreServices/Certificate Assistant.app","LastModified":"2024-02-02T17:19:31Z","ObtainedFrom":"apple","SignedBy":["Software Signing","Apple Code Signing Certification Authority","Apple Root CA"],"_Architecture":"arch_arm_i64"}
{"Name":"Control Center","Version":"1.0","Path":"/System/Library/CoreServices/ControlCenter.app","LastModified":"2024-02-02T17:19:31Z","ObtainedFrom":"apple","SignedBy":["Software Signing","Apple Code Signing Certification Authority","Apple Root CA"],"_Architecture":"arch_arm_i64"}
{"Name":"ControlStrip","Version":"1.0","Path":"/System/Library/CoreServices/ControlStrip.app","LastModified":"2024-02-02T17:19:31Z","ObtainedFrom":"apple","SignedBy":["Software Signing","Apple Code Signing Certification Authority","Apple Root CA"],"_Architecture":"arch_arm_i64"}
{"Name":"CoreLocationAgent","Version":"2890.8.3","Path":"/System/Library/CoreServices/CoreLocationAgent.app","LastModified":"2024-02-02T17:19:31Z","ObtainedFrom":"apple","SignedBy":["Software Signing","Apple Code Signing Certification Authority","Apple Root CA"],"_Architecture":"arch_arm_i64"}
{"Name":"CoreServicesUIAgent","Version":"369","Path":"/System/Library/CoreServices/CoreServicesUIAgent.app","LastModified":"2024-02-02T17:19:31Z","ObtainedFrom":"apple","SignedBy":["Software Signing","Apple Code Signing Certification Authority","Apple Root CA"],"_Architecture":"arch_arm_i64"}
{"Name":"Coverage Details","Version":"1.0","Path":"/System/Library/CoreServices/Coverage Details.app","LastModified":"2024-02-02T17:19:31Z","ObtainedFrom":"apple","SignedBy":["Software Signing","Apple Code Signing Certification Authority","Apple Root CA"],"_Architecture":"arch_arm_i64"}
{"Name":"Database Events","Version":"1.0.6","Path":"/System/Library/CoreServices/Database Events.app","LastModified":"2024-02-02T17:19:31Z","ObtainedFrom":"apple","SignedBy":["Software Signing","Apple Code Signing Certification Authority","Apple Root CA"],"_Architecture":"arch_arm_i64"}
{"Name":"Diagnostics Reporter","Version":"1.0","Path":"/System/Library/CoreServices/Diagnostics Reporter.app","LastModified":"2024-02-02T17:19:31Z","ObtainedFrom":"apple","SignedBy":["Software Signing","Apple Code Signing Certification Authority","Apple Root CA"],"_Architecture":"arch_arm_i64"}
{"Name":"DiscHelper","Version":"1.0","Path":"/System/Library/CoreServices/DiscHelper.app","LastModified":"2024-02-02T17:19:31Z","ObtainedFrom":"apple","SignedBy":["Software Signing","Apple Code Signing Certification Authority","Apple Root CA"],"_Architecture":"arch_arm_i64"}
{"Name":"DiskImageMounter","Version":"1.0","Path":"/System/Library/CoreServices/DiskImageMounter.app","LastModified":"2024-02-02T17:19:31Z","ObtainedFrom":"apple","SignedBy":["Software Signing","Apple Code Signing Certification Authority","Apple Root CA"],"_Architecture":"arch_arm_i64"}
{"Name":"Dock","Version":"1.8","Path":"/System/Library/CoreServices/Dock.app","LastModified":"2024-02-02T17:19:31Z","ObtainedFrom":"apple","SignedBy":["Software Signing","Apple Code Signing Certification Authority","Apple Root CA"],"_Architecture":"arch_arm_i64"}
{"Name":"Dwell Control","Version":"1.0","Path":"/System/Library/CoreServices/Dwell Control.app","LastModified":"2024-02-02T17:19:31Z","ObtainedFrom":"apple","SignedBy":["Software Signing","Apple Code Signing Certification Authority","Apple Root CA"],"_Architecture":"arch_arm_i64"}
{"Name":"Erase Assistant","Version":"1.0","Path":"/System/Library/CoreServices/Erase Assistant.app","LastModified":"2024-02-02T17:19:31Z","ObtainedFrom":"apple","SignedBy":["Software Signing","Apple Code Signing Certification Authority","Apple Root CA"],"_Architecture":"arch_arm_i64"}
{"Name":"EscrowSecurityAlert","Version":"1.0","Path":"/System/Library/CoreServices/EscrowSecurityAlert.app","LastModified":"2024-02-02T17:19:31Z","ObtainedFrom":"apple","SignedBy":["Software Signing","Apple Code Signing Certification Authority","Apple Root CA"],"_Architecture":"arch_arm_i64"}
{"Name":"Family","Version":"1.0","Path":"/System/Library/CoreServices/Family.app","LastModified":"2024-02-02T17:19:31Z","ObtainedFrom":"apple","SignedBy":["Software Signing","Apple Code Signing Certification Authority","Apple Root CA"],"_Architecture":"arch_arm_i64"}
{"Name":"FolderActionsDispatcher","Version":"1.0","Path":"/System/Library/CoreServices/FolderActionsDispatcher.app","LastModified":"2024-02-02T17:19:31Z","ObtainedFrom":"apple","SignedBy":["Software Signing","Apple Code Signing Certification Authority","Apple Root CA"],"_Architecture":"arch_arm_i64"}
{"Name":"Game Center","Version":"1.0","Path":"/System/Library/CoreServices/Game Center.app","LastModified":"2024-02-02T17:19:31Z","ObtainedFrom":"apple","SignedBy":["Software Signing","Apple Code Signing Certification Authority","Apple Root CA"],"_Architecture":"arch_arm_i64"}
{"Name":"IOUIAgent","Version":"1.0","Path":"/System/Library/CoreServices/IOUIAgent.app","LastModified":"2024-02-02T17:19:31Z","ObtainedFrom":"apple","SignedBy":["Software Signing","Apple Code Signing Certification Authority","Apple Root CA"],"_Architecture":"arch_arm_i64"}
{"Name":"Image Events","Version":"1.1.6","Path":"/System/Library/CoreServices/Image Events.app","LastModified":"2024-02-02T17:19:31Z","ObtainedFrom":"apple","SignedBy":["Software Signing","Apple Code Signing Certification Authority","Apple Root CA"],"_Architecture":"arch_arm_i64"}
{"Name":"Install Command Line Developer Tools","Version":"2405","Path":"/System/Library/CoreServices/Install Command Line Developer Tools.app","LastModified":"2024-02-02T17:19:31Z","ObtainedFrom":"apple","SignedBy":["Software Signing","Apple Code Signing Certification Authority","Apple Root CA"],"_Architecture":"arch_arm_i64"}
{"Name":"Install in Progress","Version":"3.0","Path":"/System/Library/CoreServices/Install in Progress.app","LastModified":"2024-02-02T17:19:31Z","ObtainedFrom":"apple","SignedBy":["Software Signing","Apple Code Signing Certification Authority","Apple Root CA"],"_Architecture":"arch_arm_i64"}
{"Name":"Installer Progress","Version":"1.0","Path":"/System/Library/CoreServices/Installer Progress.app","LastModified":"2024-02-02T17:19:31Z","ObtainedFrom":"apple","SignedBy":["Software Signing","Apple Code Signing Certification Authority","Apple Root CA"],"_Architecture":"arch_arm_i64"}
{"Name":"Installer","Version":"6.2.0","Path":"/System/Library/CoreServices/Installer.app","LastModified":"2024-02-02T17:19:31Z","ObtainedFrom":"apple","SignedBy":["Software Signing","Apple Code Signing Certification Authority","Apple Root CA"],"_Architecture":"arch_arm_i64"}
{"Name":"JavaLauncher","Version":"321","Path":"/System/Library/CoreServices/JavaLauncher.app","LastModified":"2024-02-02T17:19:31Z","ObtainedFrom":"apple","SignedBy":["Software Signing","Apple Code Signing Certification Authority","Apple Root CA"],"_Architecture":"arch_arm_i64"}
{"Name":"KeyboardAccessAgent","Version":"10","Path":"/System/Library/CoreServices/KeyboardAccessAgent.app","LastModified":"2024-02-02T17:19:31Z","ObtainedFrom":"apple","SignedBy":["Software Signing","Apple Code Signing Certification Authority","Apple Root CA"],"_Architecture":"arch_arm_i64"}
{"Name":"KeyboardSetupAssistant","Version":"1.0","Path":"/System/Library/CoreServices/KeyboardSetupAssistant.app","LastModified":"2024-02-02T17:19:31Z","ObtainedFrom":"apple","SignedBy":["Software Signing","Apple Code Signing Certification Authority","Apple Root CA"],"_Architecture":"arch_arm_i64"}
{"Name":"Keychain Circle Notification","Version":"1.0","Path":"/System/Library/CoreServices/Keychain Circle Notification.app","LastModified":"2024-02-02T17:19:31Z","ObtainedFrom":"apple","SignedBy":["Software Signing","Apple Code Signing Certification Authority","Apple Root CA"],"_Architecture":"arch_arm_i64"}
{"Name":"Language Chooser","Version":"1.0","Path":"/System/Library/CoreServices/Language Chooser.app","LastModified":"2024-02-02T17:19:31Z","ObtainedFrom":"apple","SignedBy":["Software Signing","Apple Code Signing Certification Authority","Apple Root CA"],"_Architecture":"arch_arm_i64"}
{"Name":"MTLReplayer","Version":"1.0","Path":"/System/Library/CoreServices/MTLReplayer.app","LastModified":"2024-02-02T17:19:31Z","ObtainedFrom":"apple","SignedBy":["Software Signing","Apple Code Signing Certification Authority","Apple Root CA"],"_Architecture":"arch_arm_i64"}
{"Name":"ManagedClient","Version":"16.2","Path":"/System/Library/CoreServices/ManagedClient.app","LastModified":"2024-02-02T17:19:31Z","ObtainedFrom":"apple","SignedBy":["Software Signing","Apple Code Signing Certification Authority","Apple Root CA"],"_Architecture":"arch_arm_i64"}
{"Name":"MediaMLPluginApp","Version":"1.0","Path":"/System/Library/CoreServices/MediaMLPluginApp.app","LastModified":"2024-02-02T17:19:31Z","ObtainedFrom":"apple","SignedBy":["Software Signing","Apple Code Signing Certification Authority","Apple Root CA"],"_Architecture":"arch_arm_i64"}
{"Name":"Memory Slot Utility","Version":"1.5.3","Path":"/System/Library/CoreServices/Memory Slot Utility.app","LastModified":"2024-02-02T17:19:31Z","ObtainedFrom":"apple","SignedBy":["Software Signing","Apple Code Signing Certification Authority","Apple Root CA"],"_Architecture":"arch_arm_i64"}
{"Name":"Music Recognition","Version":"1.0","Path":"/System/Library/CoreServices/MusicRecognitionMac.app","LastModified":"2024-02-02T17:19:31Z","ObtainedFrom":"apple","SignedBy":["Software Signing","Apple Code Signing Certification Authority","Apple Root CA"],"_Architecture":"arch_arm_i64"}
{"Name":"NetAuthAgent","Version":"6.2","Path":"/System/Library/CoreServices/NetAuthAgent.app","LastModified":"2024-02-02T17:19:31Z","ObtainedFrom":"apple","SignedBy":["Software Signing","Apple Code Signing Certification Authority","Apple Root CA"],"_Architecture":"arch_arm_i64"}
{"Name":"Notification Center","Version":"1.0","Path":"/System/Library/CoreServices/NotificationCenter.app","LastModified":"2024-02-02T17:19:31Z","ObtainedFrom":"apple","SignedBy":["Software Signing","Apple Code Signing Certification Authority","Apple Root CA"],"_Architecture":"arch_arm_i64"}
{"Name":"NowPlayingTouchUI","Version":"1.0","Path":"/System/Library/CoreServices/NowPlayingTouchUI.app","LastModified":"2024-02-02T17:19:31Z","ObtainedFrom":"apple","SignedBy":["Software Signing","Apple Code Signing Certification Authority","Apple Root CA"],"_Architecture":"arch_arm_i64"}
{"Name":"OBEXAgent","Version":"9.0","Path":"/System/Library/CoreServices/OBEXAgent.app","LastModified":"2024-02-02T17:19:31Z","ObtainedFrom":"apple","SignedBy":["Software Signing","Apple Code Signing Certification Authority","Apple Root CA"],"_Architecture":"arch_arm_i64"}
{"Name":"ODSAgent","Version":"1.9","Path":"/System/Library/CoreServices/ODSAgent.app","LastModified":"2024-02-02T17:19:31Z","ObtainedFrom":"apple","SignedBy":["Software Signing","Apple Code Signing Certification Authority","Apple Root CA"],"_Architecture":"arch_arm_i64"}
{"Name":"OSDUIHelper","Version":"1.1","Path":"/System/Library/CoreServices/OSDUIHelper.app","LastModified":"2024-02-02T17:19:31Z","ObtainedFrom":"apple","SignedBy":["Software Signing","Apple Code Signing Certification Authority","Apple Root CA"],"_Architecture":"arch_arm_i64"}
{"Name":"PIPAgent","Version":"1.0","Path":"/System/Library/CoreServices/PIPAgent.app","LastModified":"2024-02-02T17:19:31Z","ObtainedFrom":"apple","SignedBy":["Software Signing","Apple Code Signing Certification Authority","Apple Root CA"],"_Architecture":"arch_arm_i64"}
{"Name":"Paired Devices","Version":"5.3.0","Path":"/System/Library/CoreServices/Paired Devices.app","LastModified":"2024-02-02T17:19:31Z","ObtainedFrom":"apple","SignedBy":["Software Signing","Apple Code Signing Certification Authority","Apple Root CA"],"_Architecture":"arch_arm_i64"}
{"Name":"Pass Viewer","Version":"1.0","Path":"/System/Library/CoreServices/Pass Viewer.app","LastModified":"2024-02-02T17:19:31Z","ObtainedFrom":"apple","SignedBy":["Software Signing","Apple Code Signing Certification Authority","Apple Root CA"],"_Architecture":"arch_arm_i64"}
{"Name":"PeopleMessageService","Version":"1.0","Path":"/System/Library/CoreServices/PeopleMessageService.app","LastModified":"2024-02-02T17:19:31Z","ObtainedFrom":"apple","SignedBy":["Software Signing","Apple Code Signing Certification Authority","Apple Root CA"],"_Architecture":"arch_arm_i64"}
{"Name":"Contacts","Version":"1.0","Path":"/System/Library/CoreServices/PeopleViewService.app","LastModified":"2024-02-02T17:19:31Z","ObtainedFrom":"apple","SignedBy":["Software Signing","Apple Code Signing Certification Authority","Apple Root CA"],"_Architecture":"arch_arm_i64"}
{"Name":"PodcastsAuthAgent","Version":"1.0","Path":"/System/Library/CoreServices/PodcastsAuthAgent.app","LastModified":"2024-02-02T17:19:31Z","ObtainedFrom":"apple","SignedBy":["Software Signing","Apple Code Signing Certification Authority","Apple Root CA"],"_Architecture":"arch_arm_i64"}
{"Name":"PowerChime","Version":"1.0","Path":"/System/Library/CoreServices/PowerChime.app","LastModified":"2024-02-02T17:19:31Z","ObtainedFrom":"apple","SignedBy":["Software Signing","Apple Code Signing Certification Authority","Apple Root CA"],"_Architecture":"arch_arm_i64"}
{"Name":"PreviewShell","Version":"15.0","Path":"/System/Library/CoreServices/PreviewShell.app","LastModified":"2024-02-02T17:19:31Z","ObtainedFrom":"apple","SignedBy":["Software Signing","Apple Code Signing Certification Authority","Apple Root CA"],"_Architecture":"arch_arm_i64"}
{"Name":"Pro Display Calibrator","Version":"2.0.2","Path":"/System/Library/CoreServices/Pro Display Calibrator.app","LastModified":"2024-02-02T17:19:31Z","ObtainedFrom":"apple","SignedBy":["Software Signing","Apple Code Signing Certification Authority","Apple Root CA"],"_Architecture":"arch_arm_i64"}
{"Name":"Problem Reporter","Version":"10.13","Path":"/System/Library/CoreServices/Problem Reporter.app","LastModified":"2024-02-02T17:19:31Z","ObtainedFrom":"apple","SignedBy":["Software Signing","Apple Code Signing Certification Authority","Apple Root CA"],"_Architecture":"arch_arm_i64"}
{"Name":"Profile Installer","Version":"1.0","Path":"/System/Library/CoreServices/ProfileHelper.app","LastModified":"2024-02-02T17:19:31Z","ObtainedFrom":"apple","SignedBy":["Software Signing","Apple Code Signing Certification Authority","Apple Root CA"],"_Architecture":"arch_arm_i64"}
{"Name":"RapportUIAgent","Version":"5.3.0","Path":"/System/Library/CoreServices/RapportUIAgent.app","LastModified":"2024-02-02T17:19:31Z","ObtainedFrom":"apple","SignedBy":["Software Signing","Apple Code Signing Certification Authority","Apple Root CA"],"_Architecture":"arch_arm_i64"}
{"Name":"RegisterPluginIMApp","Version":"25","Path":"/System/Library/CoreServices/RegisterPluginIMApp.app","LastModified":"2024-02-02T17:19:31Z","ObtainedFrom":"apple","SignedBy":["Software Signing","Apple Code Signing Certification Authority","Apple Root CA"],"_Architecture":"arch_arm_i64"}
{"Name":"ARDAgent","Version":"3.9.8","Path":"/System/Library/CoreServices/RemoteManagement/ARDAgent.app","LastModified":"2024-02-02T17:19:31Z","ObtainedFrom":"apple","SignedBy":["Software Signing","Apple Code Signing Certification Authority","Apple Root CA"],"_Architecture":"arch_arm_i64"}
{"Name":"SSMenuAgent","Version":"3.9.8","Path":"/System/Library/CoreServices/RemoteManagement/SSMenuAgent.app","LastModified":"2024-02-02T17:19:31Z","ObtainedFrom":"apple","SignedBy":["Software Signing","Apple Code Signing Certification Authority","Apple Root CA"],"_Architecture":"arch_arm_i64"}
{"Name":"Rosetta 2 Updater","Version":"1.0","Path":"/System/Library/CoreServices/Rosetta 2 Updater.app","LastModified":"2024-02-02T17:19:31Z","ObtainedFrom":"apple","SignedBy":["Software Signing","Apple Code Signing Certification Authority","Apple Root CA"],"_Architecture":"arch_arm"}
{"Name":"Screen Time","Version":"3.0","Path":"/System/Library/CoreServices/Screen Time.app","LastModified":"2024-02-02T17:19:31Z","ObtainedFrom":"apple","SignedBy":["Software Signing","Apple Code Signing Certification Authority","Apple Root CA"],"_Architecture":"arch_arm_i64"}
{"Name":"ScreenSaverEngine","Version":"5.0","Path":"/System/Library/CoreServices/ScreenSaverEngine.app","LastModified":"2024-02-02T17:19:31Z","ObtainedFrom":"apple","SignedBy":["Software Signing","Apple Code Signing Certification Authority","Apple Root CA"],"_Architecture":"arch_arm_i64"}
{"Name":"Script Menu","Version":"1","Path":"/System/Library/CoreServices/Script Menu.app","LastModified":"2024-02-02T17:19:31Z","ObtainedFrom":"apple","SignedBy":["Software Signing","Apple Code Signing Certification Authority","Apple Root CA"],"_Architecture":"arch_arm_i64"}
{"Name":"ScriptMonitor","Version":"1.0.1","Path":"/System/Library/CoreServices/ScriptMonitor.app","LastModified":"2024-02-02T17:19:31Z","ObtainedFrom":"apple","SignedBy":["Software Signing","Apple Code Signing Certification Authority","Apple Root CA"],"_Architecture":"arch_arm_i64"}
{"Name":"Setup Assistant","Version":"10.10","Path":"/System/Library/CoreServices/Setup Assistant.app","LastModified":"2024-02-02T17:19:31Z","ObtainedFrom":"apple","SignedBy":["Software Signing","Apple Code Signing Certification Authority","Apple Root CA"],"_Architecture":"arch_arm_i64"}
{"Name":"ShortcutDroplet","Version":"1.0","Path":"/System/Library/CoreServices/ShortcutDroplet.app","LastModified":"2024-02-02T17:19:31Z","ObtainedFrom":"apple","SignedBy":["Software Signing","Apple Code Signing Certification Authority","Apple Root CA"],"_Architecture":"arch_arm_i64"}
{"Name":"Shortcuts Events","Version":"1.0","Path":"/System/Library/CoreServices/Shortcuts Events.app","LastModified":"2024-02-02T17:19:31Z","ObtainedFrom":"apple","SignedBy":["Software Signing","Apple Code Signing Certification Authority","Apple Root CA"],"_Architecture":"arch_arm_i64"}
{"Name":"ShortcutsActions","Version":null,"Path":"/System/Library/CoreServices/ShortcutsActions.app","LastModified":"2024-02-02T17:19:31Z","ObtainedFrom":"apple","SignedBy":["Software Signing","Apple Code Signing Certification Authority","Apple Root CA"],"_Architecture":"arch_arm_i64"}
{"Name":"Siri","Version":"3302.5.1","Path":"/System/Library/CoreServices/Siri.app","LastModified":"2024-02-02T17:19:31Z","ObtainedFrom":"apple","SignedBy":["Software Signing","Apple Code Signing Certification Authority","Apple Root CA"],"_Architecture":"arch_arm_i64"}
{"Name":"Software Update","Version":"6","Path":"/System/Library/CoreServices/Software Update.app","LastModified":"2024-02-02T17:19:31Z","ObtainedFrom":"apple","SignedBy":["Software Signing","Apple Code Signing Certification Authority","Apple Root CA"],"_Architecture":"arch_arm_i64"}
{"Name":"SpacesTouchBarAgent","Version":"1.0","Path":"/System/Library/CoreServices/SpacesTouchBarAgent.app","LastModified":"2024-02-02T17:19:31Z","ObtainedFrom":"apple","SignedBy":["Software Signing","Apple Code Signing Certification Authority","Apple Root CA"],"_Architecture":"arch_arm_i64"}
{"Name":"Spotlight","Version":"1.0","Path":"/System/Library/CoreServices/Spotlight.app","LastModified":"2024-02-02T17:19:31Z","ObtainedFrom":"apple","SignedBy":["Software Signing","Apple Code Signing Certification Authority","Apple Root CA"],"_Architecture":"arch_arm_i64"}
{"Name":"StageManagerOnboarding","Version":"1.0","Path":"/System/Library/CoreServices/StageManagerOnboarding.app","LastModified":"2024-02-02T17:19:31Z","ObtainedFrom":"apple","SignedBy":["Software Signing","Apple Code Signing Certification Authority","Apple Root CA"],"_Architecture":"arch_arm_i64"}
{"Name":"System Events","Version":"1.3.6","Path":"/System/Library/CoreServices/System Events.app","LastModified":"2024-02-02T17:19:31Z","ObtainedFrom":"apple","SignedBy":["Software Signing","Apple Code Signing Certification Authority","Apple Root CA"],"_Architecture":"arch_arm_i64"}
{"Name":"SystemUIServer","Version":"1.7","Path":"/System/Library/CoreServices/SystemUIServer.app","LastModified":"2024-02-02T17:19:31Z","ObtainedFrom":"apple","SignedBy":["Software Signing","Apple Code Signing Certification Authority","Apple Root CA"],"_Architecture":"arch_arm_i64"}
{"Name":"TextInputMenuAgent","Version":"1.0","Path":"/System/Library/CoreServices/TextInputMenuAgent.app","LastModified":"2024-02-02T17:19:31Z","ObtainedFrom":"apple","SignedBy":["Software Signing","Apple Code Signing Certification Authority","Apple Root CA"],"_Architecture":"arch_arm_i64"}
{"Name":"TextInputSwitcher","Version":"1.1","Path":"/System/Library/CoreServices/TextInputSwitcher.app","LastModified":"2024-02-02T17:19:31Z","ObtainedFrom":"apple","SignedBy":["Software Signing","Apple Code Signing Certification Authority","Apple Root CA"],"_Architecture":"arch_arm_i64"}
{"Name":"ThermalTrap","Version":"1.0","Path":"/System/Library/CoreServices/ThermalTrap.app","LastModified":"2024-02-02T17:19:31Z","ObtainedFrom":"apple","SignedBy":["Software Signing","Apple Code Signing Certification Authority","Apple Root CA"],"_Architecture":"arch_arm_i64"}
{"Name":"TMHelperAgent","Version":"13","Path":"/System/Library/CoreServices/TimeMachine/TMHelperAgent.app","LastModified":"2024-02-02T17:19:31Z","ObtainedFrom":"apple","SignedBy":["Software Signing","Apple Code Signing Certification Authority","Apple Root CA"],"_Architecture":"arch_arm_i64"}
{"Name":"UIKitSystem","Version":"1.0","Path":"/System/Library/CoreServices/UIKitSystem.app","LastModified":"2024-02-02T17:19:31Z","ObtainedFrom":"apple","SignedBy":["Software Signing","Apple Code Signing Certification Authority","Apple Root CA"],"_Architecture":"arch_arm_i64"}
{"Name":"UniversalAccessControl","Version":"7.0","Path":"/System/Library/CoreServices/UniversalAccessControl.app","LastModified":"2024-02-02T17:19:31Z","ObtainedFrom":"apple","SignedBy":["Software Signing","Apple Code Signing Certification Authority","Apple Root CA"],"_Architecture":"arch_arm_i64"}
{"Name":"Universal Control","Version":"1.0","Path":"/System/Library/CoreServices/UniversalControl.app","LastModified":"2024-02-02T17:19:31Z","ObtainedFrom":"apple","SignedBy":["Software Signing","Apple Code Signing Certification Authority","Apple Root CA"],"_Architecture":"arch_arm_i64"}
{"Name":"UnmountAssistantAgent","Version":"5.0","Path":"/System/Library/CoreServices/UnmountAssistantAgent.app","LastModified":"2024-02-02T17:19:31Z","ObtainedFrom":"apple","SignedBy":["Software Signing","Apple Code Signing Certification Authority","Apple Root CA"],"_Architecture":"arch_arm_i64"}
{"Name":"UserNotificationCenter","Version":"82","Path":"/System/Library/CoreServices/UserNotificationCenter.app","LastModified":"2024-02-02T17:19:31Z","ObtainedFrom":"apple","SignedBy":["Software Signing","Apple Code Signing Certification Authority","Apple Root CA"],"_Architecture":"arch_arm_i64"}
{"Name":"VoiceOver","Version":"10","Path":"/System/Library/CoreServices/VoiceOver.app","LastModified":"2024-02-02T17:19:31Z","ObtainedFrom":"apple","SignedBy":["Software Signing","Apple Code Signing Certification Authority","Apple Root CA"],"_Architecture":"arch_arm_i64"}
{"Name":"Wallpaper","Version":"1.0","Path":"/System/Library/CoreServices/WallpaperAgent.app","LastModified":"2024-02-02T17:19:31Z","ObtainedFrom":"apple","SignedBy":["Software Signing","Apple Code Signing Certification Authority","Apple Root CA"],"_Architecture":"arch_arm_i64"}
{"Name":"Watch Face Help","Version":"1.0","Path":"/System/Library/CoreServices/WatchFaceAlert.app","LastModified":"2024-02-02T17:19:31Z","ObtainedFrom":"apple","SignedBy":["Software Signing","Apple Code Signing Certification Authority","Apple Root CA"],"_Architecture":"arch_arm_i64"}
{"Name":"WiFiAgent","Version":"17.0","Path":"/System/Library/CoreServices/WiFiAgent.app","LastModified":"2024-02-02T17:19:31Z","ObtainedFrom":"apple","SignedBy":["Software Signing","Apple Code Signing Certification Authority","Apple Root CA"],"_Architecture":"arch_arm_i64"}
{"Name":"WidgetKit Simulator","Version":"1.0","Path":"/System/Library/CoreServices/WidgetKit Simulator.app","LastModified":"2024-02-02T17:19:31Z","ObtainedFrom":"apple","SignedBy":["Software Signing","Apple Code Signing Certification Authority","Apple Root CA"],"_Architecture":"arch_arm_i64"}
