{"ProcessName":"/tmp/tmp1248384199/KnockKnock.app/Contents/MacOS/KnockKnock","CommandLine":"/tmp/tmp1248384199/KnockKnock.app/Contents/MacOS/KnockKnock -whosthere -skipVT","Pid":1572,"Rule":"keyword_search","Tag":null,"Meta":null,"YaraString":"$a","HitOffset":105553139280179,"HitContext":{"Path":"String.Data","Size":12,"StoredSize":12,"sha256":"c45142564e203d7265f56c7c6812367c2090c1801481abf8775a5be1e92ba3d9","md5":"6eea0372f8f3035cbe7ef4e28b0ec97b","StoredName":"/uploads/scope/%2Ftmp%2Ftmp1248384199%2FKnockKnock.app%2FContents%2FMacOS%2FKnockKnock-1572_105553139280179_0","Components":["uploads","scope","/tmp/tmp1248384199/KnockKnock.app/Contents/MacOS/KnockKnock-1572_105553139280179_0"]}}
{"ProcessName":"sudo","CommandLine":"sudo ./velociraptor-v0.73.1-darwin-amd64 -- --embedded_config Collector_velociraptor-collector","Pid":1566,"Rule":"keyword_search","Tag":null,"Meta":null,"YaraString":"$a","HitOffset":4380250024,"HitContext":{"Path":"String.Data","Size":12,"StoredSize":12,"sha256":"c45142564e203d7265f56c7c6812367c2090c1801481abf8775a5be1e92ba3d9","md5":"6eea0372f8f3035cbe7ef4e28b0ec97b","StoredName":"/uploads/scope/sudo-1566_4380250024_0","Components":["uploads","scope","sudo-1566_4380250024_0"]}}
{"ProcessName":"/bin/bash","CommandLine":"/bin/bash ./clone_and_run","Pid":1562,"Rule":"keyword_search","Tag":null,"Meta":null,"YaraString":"$a","HitOffset":105553116693599,"HitContext":{"Path":"String.Data","Size":12,"StoredSize":12,"sha256":"c45142564e203d7265f56c7c6812367c2090c1801481abf8775a5be1e92ba3d9","md5":"6eea0372f8f3035cbe7ef4e28b0ec97b","StoredName":"/uploads/scope/%2Fbin%2Fbash-1562_105553116693599_0","Components":["uploads","scope","/bin/bash-1562_105553116693599_0"]}}
{"ProcessName":"-zsh","CommandLine":"-zsh","Pid":1541,"Rule":"keyword_search","Tag":null,"Meta":null,"YaraString":"$a","HitOffset":4487599486,"HitContext":{"Path":"String.Data","Size":12,"StoredSize":12,"sha256":"c45142564e203d7265f56c7c6812367c2090c1801481abf8775a5be1e92ba3d9","md5":"6eea0372f8f3035cbe7ef4e28b0ec97b","StoredName":"/uploads/scope/-zsh-1541_4487599486_0","Components":["uploads","scope","-zsh-1541_4487599486_0"]}}
{"ProcessName":"/System/Applications/Utilities/Terminal.app/Contents/MacOS/Terminal","CommandLine":"/System/Applications/Utilities/Terminal.app/Contents/MacOS/Terminal","Pid":1539,"Rule":"keyword_search","Tag":null,"Meta":null,"YaraString":"$a","HitOffset":105553165573841,"HitContext":{"Path":"String.Data","Size":12,"StoredSize":12,"sha256":"15ec7bf0b50732b49f8228e07d24365338f9e3ab994b00af08e5a3bffe55fd8b","md5":"8dd6bb7329a71449b0a1b292b5999164","StoredName":"/uploads/scope/%2FSystem%2FApplications%2FUtilities%2FTerminal.app%2FContents%2FMacOS%2FTerminal-1539_105553165573841_0","Components":["uploads","scope","/System/Applications/Utilities/Terminal.app/Contents/MacOS/Terminal-1539_105553165573841_0"]}}
{"ProcessName":"/System/Library/Frameworks/QuickLookThumbnailing.framework/Versions/A/PlugIns/ThumbnailExtension_macOS.appex/Contents/MacOS/ThumbnailExtension_macOS","CommandLine":"/System/Library/Frameworks/QuickLookThumbnailing.framework/Versions/A/PlugIns/ThumbnailExtension_macOS.appex/Contents/MacOS/ThumbnailExtension_macOS -AppleLanguages (\"en-US\", \"ms-MY\")","Pid":1314,"Rule":"keyword_search","Tag":null,"Meta":null,"YaraString":"$a","HitOffset":123145458508057,"HitContext":{"Path":"String.Data","Size":12,"StoredSize":12,"sha256":"c45142564e203d7265f56c7c6812367c2090c1801481abf8775a5be1e92ba3d9","md5":"6eea0372f8f3035cbe7ef4e28b0ec97b","StoredName":"/uploads/scope/%2FSystem%2FLibrary%2FFrameworks%2FQuickLookThumbnailing.framework%2FVersions%2FA%2FPlugIns%2FThumbnailExtension_macOS.appex%2FContents%2FMacOS%2FThumbnailExtension_macOS-1314_123145458508057_0","Components":["uploads","scope","/System/Library/Frameworks/QuickLookThumbnailing.framework/Versions/A/PlugIns/ThumbnailExtension_macOS.appex/Contents/MacOS/ThumbnailExtension_macOS-1314_123145458508057_0"]}}
{"ProcessName":"/System/Applications/Utilities/Activity Monitor.app/Contents/MacOS/Activity Monitor","CommandLine":"/System/Applications/Utilities/Activity Monitor.app/Contents/MacOS/Activity Monitor","Pid":1097,"Rule":"keyword_search","Tag":null,"Meta":null,"YaraString":"$a","HitOffset":105553171717472,"HitContext":{"Path":"String.Data","Size":12,"StoredSize":12,"sha256":"7816d6dd158594b23b54ec313c1c8d9d7c867aa7a9c227251b461dc6a9127d0a","md5":"40b8a32bcc52cb7c1ccb79e327f0e013","StoredName":"/uploads/scope/%2FSystem%2FApplications%2FUtilities%2FActivity Monitor.app%2FContents%2FMacOS%2FActivity Monitor-1097_105553171717472_0","Components":["uploads","scope","/System/Applications/Utilities/Activity Monitor.app/Contents/MacOS/Activity Monitor-1097_105553171717472_0"]}}
{"ProcessName":"/System/Library/Frameworks/QuickLookThumbnailing.framework/Support/com.apple.quicklook.ThumbnailsAgent","CommandLine":"/System/Library/Frameworks/QuickLookThumbnailing.framework/Support/com.apple.quicklook.ThumbnailsAgent","Pid":839,"Rule":"keyword_search","Tag":null,"Meta":null,"YaraString":"$a","HitOffset":140517521736359,"HitContext":{"Path":"String.Data","Size":12,"StoredSize":12,"sha256":"c45142564e203d7265f56c7c6812367c2090c1801481abf8775a5be1e92ba3d9","md5":"6eea0372f8f3035cbe7ef4e28b0ec97b","StoredName":"/uploads/scope/%2FSystem%2FLibrary%2FFrameworks%2FQuickLookThumbnailing.framework%2FSupport%2Fcom.apple.quicklook.ThumbnailsAgent-839_140517521736359_0","Components":["uploads","scope","/System/Library/Frameworks/QuickLookThumbnailing.framework/Support/com.apple.quicklook.ThumbnailsAgent-839_140517521736359_0"]}}
{"ProcessName":"/System/Library/CoreServices/SubmitDiagInfo","CommandLine":"/System/Library/CoreServices/SubmitDiagInfo server-init","Pid":523,"Rule":"keyword_search","Tag":null,"Meta":null,"YaraString":"$a","HitOffset":140417429619232,"HitContext":{"Path":"String.Data","Size":12,"StoredSize":12,"sha256":"c45142564e203d7265f56c7c6812367c2090c1801481abf8775a5be1e92ba3d9","md5":"6eea0372f8f3035cbe7ef4e28b0ec97b","StoredName":"/uploads/scope/%2FSystem%2FLibrary%2FCoreServices%2FSubmitDiagInfo-523_140417429619232_0","Components":["uploads","scope","/System/Library/CoreServices/SubmitDiagInfo-523_140417429619232_0"]}}
{"ProcessName":"/System/Library/PrivateFrameworks/CoreSuggestions.framework/Versions/A/Support/suggestd","CommandLine":"/System/Library/PrivateFrameworks/CoreSuggestions.framework/Versions/A/Support/suggestd","Pid":423,"Rule":"keyword_search","Tag":null,"Meta":null,"YaraString":"$a","HitOffset":4617550672,"HitContext":{"Path":"String.Data","Size":12,"StoredSize":12,"sha256":"c45142564e203d7265f56c7c6812367c2090c1801481abf8775a5be1e92ba3d9","md5":"6eea0372f8f3035cbe7ef4e28b0ec97b","StoredName":"/uploads/scope/%2FSystem%2FLibrary%2FPrivateFrameworks%2FCoreSuggestions.framework%2FVersions%2FA%2FSupport%2Fsuggestd-423_4617550672_0","Components":["uploads","scope","/System/Library/PrivateFrameworks/CoreSuggestions.framework/Versions/A/Support/suggestd-423_4617550672_0"]}}
{"ProcessName":"/usr/sbin/spindump","CommandLine":"/usr/sbin/spindump","Pid":420,"Rule":"keyword_search","Tag":null,"Meta":null,"YaraString":"$a","HitOffset":4545603280,"HitContext":{"Path":"String.Data","Size":12,"StoredSize":12,"sha256":"c45142564e203d7265f56c7c6812367c2090c1801481abf8775a5be1e92ba3d9","md5":"6eea0372f8f3035cbe7ef4e28b0ec97b","StoredName":"/uploads/scope/%2Fusr%2Fsbin%2Fspindump-420_4545603280_0","Components":["uploads","scope","/usr/sbin/spindump-420_4545603280_0"]}}
{"ProcessName":"/System/Library/CoreServices/Finder.app/Contents/MacOS/Finder","CommandLine":"/System/Library/CoreServices/Finder.app/Contents/MacOS/Finder","Pid":381,"Rule":"keyword_search","Tag":null,"Meta":null,"YaraString":"$a","HitOffset":105553126861905,"HitContext":{"Path":"String.Data","Size":12,"StoredSize":12,"sha256":"c45142564e203d7265f56c7c6812367c2090c1801481abf8775a5be1e92ba3d9","md5":"6eea0372f8f3035cbe7ef4e28b0ec97b","StoredName":"/uploads/scope/%2FSystem%2FLibrary%2FCoreServices%2FFinder.app%2FContents%2FMacOS%2FFinder-381_105553126861905_0","Components":["uploads","scope","/System/Library/CoreServices/Finder.app/Contents/MacOS/Finder-381_105553126861905_0"]}}
{"ProcessName":"/usr/sbin/mDNSResponder","CommandLine":"/usr/sbin/mDNSResponder","Pid":209,"Rule":"keyword_search","Tag":null,"Meta":null,"YaraString":"$a","HitOffset":140328308066128,"HitContext":{"Path":"String.Data","Size":12,"StoredSize":12,"sha256":"c45142564e203d7265f56c7c6812367c2090c1801481abf8775a5be1e92ba3d9","md5":"6eea0372f8f3035cbe7ef4e28b0ec97b","StoredName":"/uploads/scope/%2Fusr%2Fsbin%2FmDNSResponder-209_140328308066128_0","Components":["uploads","scope","/usr/sbin/mDNSResponder-209_140328308066128_0"]}}
{"ProcessName":"/usr/libexec/symptomsd","CommandLine":"/usr/libexec/symptomsd","Pid":200,"Rule":"keyword_search","Tag":null,"Meta":null,"YaraString":"$a","HitOffset":4476076203,"HitContext":{"Path":"String.Data","Size":12,"StoredSize":12,"sha256":"c45142564e203d7265f56c7c6812367c2090c1801481abf8775a5be1e92ba3d9","md5":"6eea0372f8f3035cbe7ef4e28b0ec97b","StoredName":"/uploads/scope/%2Fusr%2Flibexec%2Fsymptomsd-200_4476076203_0","Components":["uploads","scope","/usr/libexec/symptomsd-200_4476076203_0"]}}
{"ProcessName":"/usr/sbin/cfprefsd","CommandLine":"/usr/sbin/cfprefsd daemon","Pid":147,"Rule":"keyword_search","Tag":null,"Meta":null,"YaraString":"$a","HitOffset":140239943511609,"HitContext":{"Path":"String.Data","Size":12,"StoredSize":12,"sha256":"c45142564e203d7265f56c7c6812367c2090c1801481abf8775a5be1e92ba3d9","md5":"6eea0372f8f3035cbe7ef4e28b0ec97b","StoredName":"/uploads/scope/%2Fusr%2Fsbin%2Fcfprefsd-147_140239943511609_0","Components":["uploads","scope","/usr/sbin/cfprefsd-147_140239943511609_0"]}}
{"ProcessName":"/usr/libexec/opendirectoryd","CommandLine":"/usr/libexec/opendirectoryd","Pid":119,"Rule":"keyword_search","Tag":null,"Meta":null,"YaraString":"$a","HitOffset":140338425765012,"HitContext":{"Path":"String.Data","Size":12,"StoredSize":12,"sha256":"c45142564e203d7265f56c7c6812367c2090c1801481abf8775a5be1e92ba3d9","md5":"6eea0372f8f3035cbe7ef4e28b0ec97b","StoredName":"/uploads/scope/%2Fusr%2Flibexec%2Fopendirectoryd-119_140338425765012_0","Components":["uploads","scope","/usr/libexec/opendirectoryd-119_140338425765012_0"]}}
{"ProcessName":"/System/Library/Frameworks/CoreServices.framework/Frameworks/Metadata.framework/Support/mds","CommandLine":"/System/Library/Frameworks/CoreServices.framework/Frameworks/Metadata.framework/Support/mds","Pid":108,"Rule":"keyword_search","Tag":null,"Meta":null,"YaraString":"$a","HitOffset":140367896082457,"HitContext":{"Path":"String.Data","Size":12,"StoredSize":12,"sha256":"c45142564e203d7265f56c7c6812367c2090c1801481abf8775a5be1e92ba3d9","md5":"6eea0372f8f3035cbe7ef4e28b0ec97b","StoredName":"/uploads/scope/%2FSystem%2FLibrary%2FFrameworks%2FCoreServices.framework%2FFrameworks%2FMetadata.framework%2FSupport%2Fmds-108_140367896082457_0","Components":["uploads","scope","/System/Library/Frameworks/CoreServices.framework/Frameworks/Metadata.framework/Support/mds-108_140367896082457_0"]}}
{"ProcessName":"/usr/libexec/amfid","CommandLine":"/usr/libexec/amfid","Pid":97,"Rule":"keyword_search","Tag":null,"Meta":null,"YaraString":"$a","HitOffset":4357237771,"HitContext":{"Path":"String.Data","Size":12,"StoredSize":12,"sha256":"c45142564e203d7265f56c7c6812367c2090c1801481abf8775a5be1e92ba3d9","md5":"6eea0372f8f3035cbe7ef4e28b0ec97b","StoredName":"/uploads/scope/%2Fusr%2Flibexec%2Famfid-97_4357237771_0","Components":["uploads","scope","/usr/libexec/amfid-97_4357237771_0"]}}
{"ProcessName":"/System/Library/Frameworks/CoreServices.framework/Versions/A/Frameworks/FSEvents.framework/Versions/A/Support/fseventsd","CommandLine":"/System/Library/Frameworks/CoreServices.framework/Versions/A/Frameworks/FSEvents.framework/Versions/A/Support/fseventsd","Pid":85,"Rule":"keyword_search","Tag":null,"Meta":null,"YaraString":"$a","HitOffset":140225166806452,"HitContext":{"Path":"String.Data","Size":12,"StoredSize":12,"sha256":"c45142564e203d7265f56c7c6812367c2090c1801481abf8775a5be1e92ba3d9","md5":"6eea0372f8f3035cbe7ef4e28b0ec97b","StoredName":"/uploads/scope/%2FSystem%2FLibrary%2FFrameworks%2FCoreServices.framework%2FVersions%2FA%2FFrameworks%2FFSEvents.framework%2FVersions%2FA%2FSupport%2Ffseventsd-85_140225166806452_0","Components":["uploads","scope","/System/Library/Frameworks/CoreServices.framework/Versions/A/Frameworks/FSEvents.framework/Versions/A/Support/fseventsd-85_140225166806452_0"]}}
{"ProcessName":"/usr/libexec/logd","CommandLine":"/usr/libexec/logd","Pid":79,"Rule":"keyword_search","Tag":null,"Meta":null,"YaraString":"$a","HitOffset":4434403482,"HitContext":{"Path":"String.Data","Size":12,"StoredSize":12,"sha256":"c45142564e203d7265f56c7c6812367c2090c1801481abf8775a5be1e92ba3d9","md5":"6eea0372f8f3035cbe7ef4e28b0ec97b","StoredName":"/uploads/scope/%2Fusr%2Flibexec%2Flogd-79_4434403482_0","Components":["uploads","scope","/usr/libexec/logd-79_4434403482_0"]}}
{"ProcessName":"/usr/libexec/UserEventAgent","CommandLine":"/usr/libexec/UserEventAgent (System)","Pid":81,"Rule":"keyword_search","Tag":null,"Meta":null,"YaraString":"$a","HitOffset":140221077517247,"HitContext":{"Path":"String.Data","Size":12,"StoredSize":12,"sha256":"c45142564e203d7265f56c7c6812367c2090c1801481abf8775a5be1e92ba3d9","md5":"6eea0372f8f3035cbe7ef4e28b0ec97b","StoredName":"/uploads/scope/%2Fusr%2Flibexec%2FUserEventAgent-81_140221077517247_0","Components":["uploads","scope","/usr/libexec/UserEventAgent-81_140221077517247_0"]}}
